date,product,sales_units,unit_price,revenue
2024-01-01,Serum,51,130491,6655041
2024-01-01,Moisturizer,63,148704,9368352
2024-01-01,Cleanser,103,86401,8899303
2024-01-01,Sunscreen,78,103628,8082984
2024-01-02,Serum,46,130491,6002586
2024-01-02,Moisturizer,63,148704,9368352
2024-01-02,Cleanser,102,86401,8812902
2024-01-02,Sunscreen,77,103628,7979356
2024-01-03,Serum,54,130491,7046514
2024-01-03,Moisturizer,57,148704,8476128
2024-01-03,Cleanser,104,86401,8985704
2024-01-03,Sunscreen,83,103628,8601124
2024-01-04,Serum,46,130491,6002586
2024-01-04,Moisturizer,62,148704,9219648
2024-01-04,Cleanser,97,86401,8380897
2024-01-04,Sunscreen,84,103628,8704752
2024-01-05,Serum,45,130491,5872095
2024-01-05,Moisturizer,59,148704,8773536
2024-01-05,Cleanser,103,86401,8899303
2024-01-05,Sunscreen,80,103628,8290240
2024-01-06,Serum,49,130491,6394059
2024-01-06,Moisturizer,64,148704,9517056
2024-01-06,Cleanser,98,86401,8467298
2024-01-06,Sunscreen,75,103628,7772100
2024-01-07,Serum,50,130491,6524550
2024-01-07,Moisturizer,61,148704,9070944
2024-01-07,Cleanser,99,86401,8553699
2024-01-07,Sunscreen,77,103628,7979356
2024-01-08,Serum,45,130491,5872095
2024-01-08,Moisturizer,61,148704,9070944
2024-01-08,Cleanser,101,86401,8726501
2024-01-08,Sunscreen,79,103628,8186612
2024-01-09,Serum,50,130491,6524550
2024-01-09,Moisturizer,58,148704,8624832
2024-01-09,Cleanser,104,86401,8985704
2024-01-09,Sunscreen,80,103628,8290240
2024-01-10,Serum,45,130491,5872095
2024-01-10,Moisturizer,57,148704,8476128
2024-01-10,Cleanser,103,86401,8899303
2024-01-10,Sunscreen,83,103628,8601124
2024-01-11,Serum,49,130491,6394059
2024-01-11,Moisturizer,56,148704,8327424
2024-01-11,Cleanser,100,86401,8640100
2024-01-11,Sunscreen,77,103628,7979356
2024-01-12,Serum,49,130491,6394059
2024-01-12,Moisturizer,62,148704,9219648
2024-01-12,Cleanser,102,86401,8812902
2024-01-12,Sunscreen,76,103628,7875728
2024-01-13,Serum,48,130491,6263568
2024-01-13,Moisturizer,64,148704,9517056
2024-01-13,Cleanser,103,86401,8899303
2024-01-13,Sunscreen,82,103628,8497496
2024-01-14,Serum,46,130491,6002586
2024-01-14,Moisturizer,58,148704,8624832
2024-01-14,Cleanser,103,86401,8899303
2024-01-14,Sunscreen,84,103628,8704752
2024-01-15,Serum,51,130491,6655041
2024-01-15,Moisturizer,57,148704,8476128
2024-01-15,Cleanser,101,86401,8726501
2024-01-15,Sunscreen,79,103628,8186612
2024-01-16,Serum,53,130491,6916023
2024-01-16,Moisturizer,59,148704,8773536
2024-01-16,Cleanser,95,86401,8208095
2024-01-16,Sunscreen,84,103628,8704752
2024-01-17,Serum,47,130491,6133077
2024-01-17,Moisturizer,59,148704,8773536
2024-01-17,Cleanser,101,86401,8726501
2024-01-17,Sunscreen,75,103628,7772100
2024-01-18,Serum,45,130491,5872095
2024-01-18,Moisturizer,60,148704,8922240
2024-01-18,Cleanser,97,86401,8380897
2024-01-18,Sunscreen,82,103628,8497496
2024-01-19,Serum,48,130491,6263568
2024-01-19,Moisturizer,64,148704,9517056
2024-01-19,Cleanser,95,86401,8208095
2024-01-19,Sunscreen,81,103628,8393868
2024-01-20,Serum,52,130491,6785532
2024-01-20,Moisturizer,57,148704,8476128
2024-01-20,Cleanser,98,86401,8467298
2024-01-20,Sunscreen,75,103628,7772100
2024-01-21,Serum,48,130491,6263568
2024-01-21,Moisturizer,63,148704,9368352
2024-01-21,Cleanser,100,86401,8640100
2024-01-21,Sunscreen,77,103628,7979356
2024-01-22,Serum,51,130491,6655041
2024-01-22,Moisturizer,55,148704,8178720
2024-01-22,Cleanser,103,86401,8899303
2024-01-22,Sunscreen,84,103628,8704752
2024-01-23,Serum,54,130491,7046514
2024-01-23,Moisturizer,62,148704,9219648
2024-01-23,Cleanser,95,86401,8208095
2024-01-23,Sunscreen,82,103628,8497496
2024-01-24,Serum,52,130491,6785532
2024-01-24,Moisturizer,60,148704,8922240
2024-01-24,Cleanser,98,86401,8467298
2024-01-24,Sunscreen,76,103628,7875728
2024-01-25,Serum,52,130491,6785532
2024-01-25,Moisturizer,58,148704,8624832
2024-01-25,Cleanser,99,86401,8553699
2024-01-25,Sunscreen,77,103628,7979356
2024-01-26,Serum,45,130491,5872095
2024-01-26,Moisturizer,61,148704,9070944
2024-01-26,Cleanser,99,86401,8553699
2024-01-26,Sunscreen,79,103628,8186612
2024-01-27,Serum,54,130491,7046514
2024-01-27,Moisturizer,56,148704,8327424
2024-01-27,Cleanser,100,86401,8640100
2024-01-27,Sunscreen,76,103628,7875728
2024-01-28,Serum,46,130491,6002586
2024-01-28,Moisturizer,62,148704,9219648
2024-01-28,Cleanser,101,86401,8726501
2024-01-28,Sunscreen,76,103628,7875728
2024-01-29,Serum,53,130491,6916023
2024-01-29,Moisturizer,57,148704,8476128
2024-01-29,Cleanser,97,86401,8380897
2024-01-29,Sunscreen,79,103628,8186612
2024-01-30,Serum,51,130491,6655041
2024-01-30,Moisturizer,63,148704,9368352
2024-01-30,Cleanser,97,86401,8380897
2024-01-30,Sunscreen,80,103628,8290240
2024-01-31,Serum,46,130491,6002586
2024-01-31,Moisturizer,61,148704,9070944
2024-01-31,Cleanser,102,86401,8812902
2024-01-31,Sunscreen,83,103628,8601124
2024-02-01,Serum,49,130491,6394059
2024-02-01,Moisturizer,64,148704,9517056
2024-02-01,Cleanser,95,86401,8208095
2024-02-01,Sunscreen,75,103628,7772100
2024-02-02,Serum,50,130491,6524550
2024-02-02,Moisturizer,57,148704,8476128
2024-02-02,Cleanser,96,86401,8294496
2024-02-02,Sunscreen,76,103628,7875728
2024-02-03,Serum,51,130491,6655041
2024-02-03,Moisturizer,55,148704,8178720
2024-02-03,Cleanser,102,86401,8812902
2024-02-03,Sunscreen,79,103628,8186612
2024-02-04,Serum,52,130491,6785532
2024-02-04,Moisturizer,60,148704,8922240
2024-02-04,Cleanser,103,86401,8899303
2024-02-04,Sunscreen,82,103628,8497496
2024-02-05,Serum,46,130491,6002586
2024-02-05,Moisturizer,60,148704,8922240
2024-02-05,Cleanser,104,86401,8985704
2024-02-05,Sunscreen,76,103628,7875728
2024-02-06,Serum,52,130491,6785532
2024-02-06,Moisturizer,64,148704,9517056
2024-02-06,Cleanser,98,86401,8467298
2024-02-06,Sunscreen,78,103628,8082984
2024-02-07,Serum,52,130491,6785532
2024-02-07,Moisturizer,61,148704,9070944
2024-02-07,Cleanser,99,86401,8553699
2024-02-07,Sunscreen,76,103628,7875728
2024-02-08,Serum,51,130491,6655041
2024-02-08,Moisturizer,61,148704,9070944
2024-02-08,Cleanser,96,86401,8294496
2024-02-08,Sunscreen,80,103628,8290240
2024-02-09,Serum,49,130491,6394059
2024-02-09,Moisturizer,57,148704,8476128
2024-02-09,Cleanser,104,86401,8985704
2024-02-09,Sunscreen,78,103628,8082984
2024-02-10,Serum,52,130491,6785532
2024-02-10,Moisturizer,57,148704,8476128
2024-02-10,Cleanser,101,86401,8726501
2024-02-10,Sunscreen,76,103628,7875728
2024-02-11,Serum,47,130491,6133077
2024-02-11,Moisturizer,56,148704,8327424
2024-02-11,Cleanser,103,86401,8899303
2024-02-11,Sunscreen,78,103628,8082984
2024-02-12,Serum,51,130491,6655041
2024-02-12,Moisturizer,61,148704,9070944
2024-02-12,Cleanser,104,86401,8985704
2024-02-12,Sunscreen,78,103628,8082984
2024-02-13,Serum,49,130491,6394059
2024-02-13,Moisturizer,55,148704,8178720
2024-02-13,Cleanser,100,86401,8640100
2024-02-13,Sunscreen,77,103628,7979356
2024-02-14,Serum,46,130491,6002586
2024-02-14,Moisturizer,60,148704,8922240
2024-02-14,Cleanser,96,86401,8294496
2024-02-14,Sunscreen,83,103628,8601124
2024-02-15,Serum,54,130491,7046514
2024-02-15,Moisturizer,56,148704,8327424
2024-02-15,Cleanser,100,86401,8640100
2024-02-15,Sunscreen,82,103628,8497496
2024-02-16,Serum,45,130491,5872095
2024-02-16,Moisturizer,58,148704,8624832
2024-02-16,Cleanser,99,86401,8553699
2024-02-16,Sunscreen,75,103628,7772100
2024-02-17,Serum,46,130491,6002586
2024-02-17,Moisturizer,63,148704,9368352
2024-02-17,Cleanser,101,86401,8726501
2024-02-17,Sunscreen,79,103628,8186612
2024-02-18,Serum,52,130491,6785532
2024-02-18,Moisturizer,56,148704,8327424
2024-02-18,Cleanser,102,86401,8812902
2024-02-18,Sunscreen,81,103628,8393868
2024-02-19,Serum,50,130491,6524550
2024-02-19,Moisturizer,62,148704,9219648
2024-02-19,Cleanser,102,86401,8812902
2024-02-19,Sunscreen,76,103628,7875728
2024-02-20,Serum,45,130491,5872095
2024-02-20,Moisturizer,55,148704,8178720
2024-02-20,Cleanser,103,86401,8899303
2024-02-20,Sunscreen,75,103628,7772100
2024-02-21,Serum,49,130491,6394059
2024-02-21,Moisturizer,64,148704,9517056
2024-02-21,Cleanser,102,86401,8812902
2024-02-21,Sunscreen,77,103628,7979356
2024-02-22,Serum,53,130491,6916023
2024-02-22,Moisturizer,62,148704,9219648
2024-02-22,Cleanser,103,86401,8899303
2024-02-22,Sunscreen,75,103628,7772100
2024-02-23,Serum,54,130491,7046514
2024-02-23,Moisturizer,61,148704,9070944
2024-02-23,Cleanser,100,86401,8640100
2024-02-23,Sunscreen,78,103628,8082984
2024-02-24,Serum,47,130491,6133077
2024-02-24,Moisturizer,58,148704,8624832
2024-02-24,Cleanser,98,86401,8467298
2024-02-24,Sunscreen,78,103628,8082984
2024-02-25,Serum,52,130491,6785532
2024-02-25,Moisturizer,55,148704,8178720
2024-02-25,Cleanser,104,86401,8985704
2024-02-25,Sunscreen,82,103628,8497496
2024-02-26,Serum,53,130491,6916023
2024-02-26,Moisturizer,62,148704,9219648
2024-02-26,Cleanser,96,86401,8294496
2024-02-26,Sunscreen,82,103628,8497496
2024-02-27,Serum,49,130491,6394059
2024-02-27,Moisturizer,63,148704,9368352
2024-02-27,Cleanser,103,86401,8899303
2024-02-27,Sunscreen,81,103628,8393868
2024-02-28,Serum,54,130491,7046514
2024-02-28,Moisturizer,60,148704,8922240
2024-02-28,Cleanser,103,86401,8899303
2024-02-28,Sunscreen,77,103628,7979356
2024-02-29,Serum,50,130491,6524550
2024-02-29,Moisturizer,57,148704,8476128
2024-02-29,Cleanser,102,86401,8812902
2024-02-29,Sunscreen,75,103628,7772100
2024-03-01,Serum,45,130491,5872095
2024-03-01,Moisturizer,64,148704,9517056
2024-03-01,Cleanser,102,86401,8812902
2024-03-01,Sunscreen,81,103628,8393868
2024-03-02,Serum,46,130491,6002586
2024-03-02,Moisturizer,58,148704,8624832
2024-03-02,Cleanser,102,86401,8812902
2024-03-02,Sunscreen,82,103628,8497496
2024-03-03,Serum,53,130491,6916023
2024-03-03,Moisturizer,58,148704,8624832
2024-03-03,Cleanser,101,86401,8726501
2024-03-03,Sunscreen,75,103628,7772100
2024-03-04,Serum,53,130491,6916023
2024-03-04,Moisturizer,61,148704,9070944
2024-03-04,Cleanser,104,86401,8985704
2024-03-04,Sunscreen,78,103628,8082984
2024-03-05,Serum,46,130491,6002586
2024-03-05,Moisturizer,62,148704,9219648
2024-03-05,Cleanser,98,86401,8467298
2024-03-05,Sunscreen,80,103628,8290240
2024-03-06,Serum,53,130491,6916023
2024-03-06,Moisturizer,59,148704,8773536
2024-03-06,Cleanser,99,86401,8553699
2024-03-06,Sunscreen,81,103628,8393868
2024-03-07,Serum,52,130491,6785532
2024-03-07,Moisturizer,58,148704,8624832
2024-03-07,Cleanser,96,86401,8294496
2024-03-07,Sunscreen,76,103628,7875728
2024-03-08,Serum,50,130491,6524550
2024-03-08,Moisturizer,56,148704,8327424
2024-03-08,Cleanser,102,86401,8812902
2024-03-08,Sunscreen,81,103628,8393868
2024-03-09,Serum,50,130491,6524550
2024-03-09,Moisturizer,58,148704,8624832
2024-03-09,Cleanser,95,86401,8208095
2024-03-09,Sunscreen,84,103628,8704752
2024-03-10,Serum,45,130491,5872095
2024-03-10,Moisturizer,58,148704,8624832
2024-03-10,Cleanser,100,86401,8640100
2024-03-10,Sunscreen,80,103628,8290240
2024-03-11,Serum,52,130491,6785532
2024-03-11,Moisturizer,62,148704,9219648
2024-03-11,Cleanser,97,86401,8380897
2024-03-11,Sunscreen,77,103628,7979356
2024-03-12,Serum,47,130491,6133077
2024-03-12,Moisturizer,60,148704,8922240
2024-03-12,Cleanser,98,86401,8467298
2024-03-12,Sunscreen,81,103628,8393868
2024-03-13,Serum,54,130491,7046514
2024-03-13,Moisturizer,61,148704,9070944
2024-03-13,Cleanser,98,86401,8467298
2024-03-13,Sunscreen,79,103628,8186612
2024-03-14,Serum,53,130491,6916023
2024-03-14,Moisturizer,61,148704,9070944
2024-03-14,Cleanser,101,86401,8726501
2024-03-14,Sunscreen,75,103628,7772100
2024-03-15,Serum,48,130491,6263568
2024-03-15,Moisturizer,58,148704,8624832
2024-03-15,Cleanser,97,86401,8380897
2024-03-15,Sunscreen,84,103628,8704752
2024-03-16,Serum,51,130491,6655041
2024-03-16,Moisturizer,63,148704,9368352
2024-03-16,Cleanser,96,86401,8294496
2024-03-16,Sunscreen,81,103628,8393868
2024-03-17,Serum,46,130491,6002586
2024-03-17,Moisturizer,63,148704,9368352
2024-03-17,Cleanser,101,86401,8726501
2024-03-17,Sunscreen,76,103628,7875728
2024-03-18,Serum,45,130491,5872095
2024-03-18,Moisturizer,63,148704,9368352
2024-03-18,Cleanser,95,86401,8208095
2024-03-18,Sunscreen,77,103628,7979356
2024-03-19,Serum,45,130491,5872095
2024-03-19,Moisturizer,55,148704,8178720
2024-03-19,Cleanser,98,86401,8467298
2024-03-19,Sunscreen,77,103628,7979356
2024-03-20,Serum,45,130491,5872095
2024-03-20,Moisturizer,61,148704,9070944
2024-03-20,Cleanser,103,86401,8899303
2024-03-20,Sunscreen,76,103628,7875728
2024-03-21,Serum,48,130491,6263568
2024-03-21,Moisturizer,60,148704,8922240
2024-03-21,Cleanser,99,86401,8553699
2024-03-21,Sunscreen,81,103628,8393868
2024-03-22,Serum,48,130491,6263568
2024-03-22,Moisturizer,55,148704,8178720
2024-03-22,Cleanser,102,86401,8812902
2024-03-22,Sunscreen,78,103628,8082984
2024-03-23,Serum,47,130491,6133077
2024-03-23,Moisturizer,63,148704,9368352
2024-03-23,Cleanser,100,86401,8640100
2024-03-23,Sunscreen,84,103628,8704752
2024-03-24,Serum,45,130491,5872095
2024-03-24,Moisturizer,59,148704,8773536
2024-03-24,Cleanser,102,86401,8812902
2024-03-24,Sunscreen,77,103628,7979356
2024-03-25,Serum,47,130491,6133077
2024-03-25,Moisturizer,55,148704,8178720
2024-03-25,Cleanser,101,86401,8726501
2024-03-25,Sunscreen,78,103628,8082984
2024-03-26,Serum,46,130491,6002586
2024-03-26,Moisturizer,64,148704,9517056
2024-03-26,Cleanser,98,86401,8467298
2024-03-26,Sunscreen,82,103628,8497496
2024-03-27,Serum,54,130491,7046514
2024-03-27,Moisturizer,63,148704,9368352
2024-03-27,Cleanser,102,86401,8812902
2024-03-27,Sunscreen,83,103628,8601124
2024-03-28,Serum,47,130491,6133077
2024-03-28,Moisturizer,62,148704,9219648
2024-03-28,Cleanser,100,86401,8640100
2024-03-28,Sunscreen,77,103628,7979356
2024-03-29,Serum,48,130491,6263568
2024-03-29,Moisturizer,64,148704,9517056
2024-03-29,Cleanser,104,86401,8985704
2024-03-29,Sunscreen,76,103628,7875728
2024-03-30,Serum,48,130491,6263568
2024-03-30,Moisturizer,55,148704,8178720
2024-03-30,Cleanser,101,86401,8726501
2024-03-30,Sunscreen,83,103628,8601124
2024-03-31,Serum,47,117655,5529785
2024-03-31,Moisturizer,60,152753,9165180
2024-03-31,Cleanser,98,88885,8710730
2024-03-31,Sunscreen,84,111087,9331308
2024-04-01,Serum,46,117655,5412130
2024-04-01,Moisturizer,58,152753,8859674
2024-04-01,Cleanser,98,88885,8710730
2024-04-01,Sunscreen,76,111087,8442612
2024-04-02,Serum,54,117655,6353370
2024-04-02,Moisturizer,59,152753,9012427
2024-04-02,Cleanser,95,88885,8444075
2024-04-02,Sunscreen,77,111087,8553699
2024-04-03,Serum,51,117655,6000405
2024-04-03,Moisturizer,59,152753,9012427
2024-04-03,Cleanser,100,88885,8888500
2024-04-03,Sunscreen,78,111087,8664786
2024-04-04,Serum,49,117655,5765095
2024-04-04,Moisturizer,62,152753,9470686
2024-04-04,Cleanser,102,88885,9066270
2024-04-04,Sunscreen,82,111087,9109134
2024-04-05,Serum,47,117655,5529785
2024-04-05,Moisturizer,57,152753,8706921
2024-04-05,Cleanser,104,88885,9244040
2024-04-05,Sunscreen,80,111087,8886960
2024-04-06,Serum,47,117655,5529785
2024-04-06,Moisturizer,58,152753,8859674
2024-04-06,Cleanser,104,88885,9244040
2024-04-06,Sunscreen,84,111087,9331308
2024-04-07,Serum,52,117655,6118060
2024-04-07,Moisturizer,64,152753,9776192
2024-04-07,Cleanser,102,88885,9066270
2024-04-07,Sunscreen,81,111087,8998047
2024-04-08,Serum,45,117655,5294475
2024-04-08,Moisturizer,63,152753,9623439
2024-04-08,Cleanser,102,88885,9066270
2024-04-08,Sunscreen,78,111087,8664786
2024-04-09,Serum,46,117655,5412130
2024-04-09,Moisturizer,64,152753,9776192
2024-04-09,Cleanser,97,88885,8621845
2024-04-09,Sunscreen,81,111087,8998047
2024-04-10,Serum,47,117655,5529785
2024-04-10,Moisturizer,59,152753,9012427
2024-04-10,Cleanser,95,88885,8444075
2024-04-10,Sunscreen,84,111087,9331308
2024-04-11,Serum,48,117655,5647440
2024-04-11,Moisturizer,56,152753,8554168
2024-04-11,Cleanser,102,88885,9066270
2024-04-11,Sunscreen,78,111087,8664786
2024-04-12,Serum,46,117655,5412130
2024-04-12,Moisturizer,62,152753,9470686
2024-04-12,Cleanser,103,88885,9155155
2024-04-12,Sunscreen,81,111087,8998047
2024-04-13,Serum,49,117655,5765095
2024-04-13,Moisturizer,63,152753,9623439
2024-04-13,Cleanser,100,88885,8888500
2024-04-13,Sunscreen,83,111087,9220221
2024-04-14,Serum,53,117655,6235715
2024-04-14,Moisturizer,63,152753,9623439
2024-04-14,Cleanser,95,88885,8444075
2024-04-14,Sunscreen,77,111087,8553699
2024-04-15,Serum,46,117655,5412130
2024-04-15,Moisturizer,63,152753,9623439
2024-04-15,Cleanser,98,88885,8710730
2024-04-15,Sunscreen,78,111087,8664786
2024-04-16,Serum,48,117655,5647440
2024-04-16,Moisturizer,59,152753,9012427
2024-04-16,Cleanser,100,88885,8888500
2024-04-16,Sunscreen,77,111087,8553699
2024-04-17,Serum,46,117655,5412130
2024-04-17,Moisturizer,64,152753,9776192
2024-04-17,Cleanser,101,88885,8977385
2024-04-17,Sunscreen,79,111087,8775873
2024-04-18,Serum,48,117655,5647440
2024-04-18,Moisturizer,64,152753,9776192
2024-04-18,Cleanser,101,88885,8977385
2024-04-18,Sunscreen,84,111087,9331308
2024-04-19,Serum,45,117655,5294475
2024-04-19,Moisturizer,59,152753,9012427
2024-04-19,Cleanser,101,88885,8977385
2024-04-19,Sunscreen,75,111087,8331525
2024-04-20,Serum,54,117655,6353370
2024-04-20,Moisturizer,57,152753,8706921
2024-04-20,Cleanser,95,88885,8444075
2024-04-20,Sunscreen,83,111087,9220221
2024-04-21,Serum,46,117655,5412130
2024-04-21,Moisturizer,59,152753,9012427
2024-04-21,Cleanser,96,88885,8532960
2024-04-21,Sunscreen,79,111087,8775873
2024-04-22,Serum,54,117655,6353370
2024-04-22,Moisturizer,63,152753,9623439
2024-04-22,Cleanser,104,88885,9244040
2024-04-22,Sunscreen,76,111087,8442612
2024-04-23,Serum,46,117655,5412130
2024-04-23,Moisturizer,64,152753,9776192
2024-04-23,Cleanser,99,88885,8799615
2024-04-23,Sunscreen,82,111087,9109134
2024-04-24,Serum,47,117655,5529785
2024-04-24,Moisturizer,60,152753,9165180
2024-04-24,Cleanser,98,88885,8710730
2024-04-24,Sunscreen,78,111087,8664786
2024-04-25,Serum,50,117655,5882750
2024-04-25,Moisturizer,58,152753,8859674
2024-04-25,Cleanser,95,88885,8444075
2024-04-25,Sunscreen,80,111087,8886960
2024-04-26,Serum,53,117655,6235715
2024-04-26,Moisturizer,62,152753,9470686
2024-04-26,Cleanser,102,88885,9066270
2024-04-26,Sunscreen,80,111087,8886960
2024-04-27,Serum,54,117655,6353370
2024-04-27,Moisturizer,63,152753,9623439
2024-04-27,Cleanser,103,88885,9155155
2024-04-27,Sunscreen,76,111087,8442612
2024-04-28,Serum,47,117655,5529785
2024-04-28,Moisturizer,63,152753,9623439
2024-04-28,Cleanser,100,88885,8888500
2024-04-28,Sunscreen,76,111087,8442612
2024-04-29,Serum,46,117655,5412130
2024-04-29,Moisturizer,60,152753,9165180
2024-04-29,Cleanser,99,88885,8799615
2024-04-29,Sunscreen,83,111087,9220221
2024-04-30,Serum,50,117655,5882750
2024-04-30,Moisturizer,55,152753,8401415
2024-04-30,Cleanser,103,88885,9155155
2024-04-30,Sunscreen,77,111087,8553699
2024-05-01,Serum,46,117655,5412130
2024-05-01,Moisturizer,55,152753,8401415
2024-05-01,Cleanser,97,88885,8621845
2024-05-01,Sunscreen,82,111087,9109134
2024-05-02,Serum,47,117655,5529785
2024-05-02,Moisturizer,60,152753,9165180
2024-05-02,Cleanser,97,88885,8621845
2024-05-02,Sunscreen,83,111087,9220221
2024-05-03,Serum,49,117655,5765095
2024-05-03,Moisturizer,58,152753,8859674
2024-05-03,Cleanser,98,88885,8710730
2024-05-03,Sunscreen,82,111087,9109134
2024-05-04,Serum,50,117655,5882750
2024-05-04,Moisturizer,59,152753,9012427
2024-05-04,Cleanser,98,88885,8710730
2024-05-04,Sunscreen,83,111087,9220221
2024-05-05,Serum,50,117655,5882750
2024-05-05,Moisturizer,64,152753,9776192
2024-05-05,Cleanser,97,88885,8621845
2024-05-05,Sunscreen,82,111087,9109134
2024-05-06,Serum,54,117655,6353370
2024-05-06,Moisturizer,59,152753,9012427
2024-05-06,Cleanser,104,88885,9244040
2024-05-06,Sunscreen,83,111087,9220221
2024-05-07,Serum,48,117655,5647440
2024-05-07,Moisturizer,55,152753,8401415
2024-05-07,Cleanser,96,88885,8532960
2024-05-07,Sunscreen,75,111087,8331525
2024-05-08,Serum,47,117655,5529785
2024-05-08,Moisturizer,58,152753,8859674
2024-05-08,Cleanser,99,88885,8799615
2024-05-08,Sunscreen,75,111087,8331525
2024-05-09,Serum,47,117655,5529785
2024-05-09,Moisturizer,60,152753,9165180
2024-05-09,Cleanser,96,88885,8532960
2024-05-09,Sunscreen,81,111087,8998047
2024-05-10,Serum,51,117655,6000405
2024-05-10,Moisturizer,58,152753,8859674
2024-05-10,Cleanser,102,88885,9066270
2024-05-10,Sunscreen,83,111087,9220221
2024-05-11,Serum,53,117655,6235715
2024-05-11,Moisturizer,58,152753,8859674
2024-05-11,Cleanser,102,88885,9066270
2024-05-11,Sunscreen,83,111087,9220221
2024-05-12,Serum,51,117655,6000405
2024-05-12,Moisturizer,59,152753,9012427
2024-05-12,Cleanser,100,88885,8888500
2024-05-12,Sunscreen,78,111087,8664786
2024-05-13,Serum,47,117655,5529785
2024-05-13,Moisturizer,60,152753,9165180
2024-05-13,Cleanser,104,88885,9244040
2024-05-13,Sunscreen,75,111087,8331525
2024-05-14,Serum,53,117655,6235715
2024-05-14,Moisturizer,55,152753,8401415
2024-05-14,Cleanser,102,88885,9066270
2024-05-14,Sunscreen,77,111087,8553699
2024-05-15,Serum,53,117655,6235715
2024-05-15,Moisturizer,64,152753,9776192
2024-05-15,Cleanser,101,88885,8977385
2024-05-15,Sunscreen,81,111087,8998047
2024-05-16,Serum,48,117655,5647440
2024-05-16,Moisturizer,55,152753,8401415
2024-05-16,Cleanser,102,88885,9066270
2024-05-16,Sunscreen,81,111087,8998047
2024-05-17,Serum,48,117655,5647440
2024-05-17,Moisturizer,55,152753,8401415
2024-05-17,Cleanser,103,88885,9155155
2024-05-17,Sunscreen,76,111087,8442612
2024-05-18,Serum,49,117655,5765095
2024-05-18,Moisturizer,63,152753,9623439
2024-05-18,Cleanser,96,88885,8532960
2024-05-18,Sunscreen,83,111087,9220221
2024-05-19,Serum,45,117655,5294475
2024-05-19,Moisturizer,55,152753,8401415
2024-05-19,Cleanser,99,88885,8799615
2024-05-19,Sunscreen,83,111087,9220221
2024-05-20,Serum,50,117655,5882750
2024-05-20,Moisturizer,56,152753,8554168
2024-05-20,Cleanser,95,88885,8444075
2024-05-20,Sunscreen,84,111087,9331308
2024-05-21,Serum,52,117655,6118060
2024-05-21,Moisturizer,61,152753,9317933
2024-05-21,Cleanser,96,88885,8532960
2024-05-21,Sunscreen,84,111087,9331308
2024-05-22,Serum,51,117655,6000405
2024-05-22,Moisturizer,58,152753,8859674
2024-05-22,Cleanser,98,88885,8710730
2024-05-22,Sunscreen,76,111087,8442612
2024-05-23,Serum,54,117655,6353370
2024-05-23,Moisturizer,63,152753,9623439
2024-05-23,Cleanser,95,88885,8444075
2024-05-23,Sunscreen,75,111087,8331525
2024-05-24,Serum,49,117655,5765095
2024-05-24,Moisturizer,56,152753,8554168
2024-05-24,Cleanser,100,88885,8888500
2024-05-24,Sunscreen,82,111087,9109134
2024-05-25,Serum,53,117655,6235715
2024-05-25,Moisturizer,64,152753,9776192
2024-05-25,Cleanser,99,88885,8799615
2024-05-25,Sunscreen,81,111087,8998047
2024-05-26,Serum,49,117655,5765095
2024-05-26,Moisturizer,58,152753,8859674
2024-05-26,Cleanser,103,88885,9155155
2024-05-26,Sunscreen,81,111087,8998047
2024-05-27,Serum,52,117655,6118060
2024-05-27,Moisturizer,60,152753,9165180
2024-05-27,Cleanser,95,88885,8444075
2024-05-27,Sunscreen,80,111087,8886960
2024-05-28,Serum,46,117655,5412130
2024-05-28,Moisturizer,61,152753,9317933
2024-05-28,Cleanser,101,88885,8977385
2024-05-28,Sunscreen,81,111087,8998047
2024-05-29,Serum,53,117655,6235715
2024-05-29,Moisturizer,63,152753,9623439
2024-05-29,Cleanser,99,88885,8799615
2024-05-29,Sunscreen,78,111087,8664786
2024-05-30,Serum,52,117655,6118060
2024-05-30,Moisturizer,60,152753,9165180
2024-05-30,Cleanser,98,88885,8710730
2024-05-30,Sunscreen,77,111087,8553699
2024-05-31,Serum,47,117655,5529785
2024-05-31,Moisturizer,60,152753,9165180
2024-05-31,Cleanser,96,88885,8532960
2024-05-31,Sunscreen,80,111087,8886960
2024-06-01,Serum,51,117655,6000405
2024-06-01,Moisturizer,57,152753,8706921
2024-06-01,Cleanser,102,88885,9066270
2024-06-01,Sunscreen,80,111087,8886960
2024-06-02,Serum,47,117655,5529785
2024-06-02,Moisturizer,57,152753,8706921
2024-06-02,Cleanser,102,88885,9066270
2024-06-02,Sunscreen,84,111087,9331308
2024-06-03,Serum,46,117655,5412130
2024-06-03,Moisturizer,58,152753,8859674
2024-06-03,Cleanser,98,88885,8710730
2024-06-03,Sunscreen,84,111087,9331308
2024-06-04,Serum,46,117655,5412130
2024-06-04,Moisturizer,63,152753,9623439
2024-06-04,Cleanser,102,88885,9066270
2024-06-04,Sunscreen,77,111087,8553699
2024-06-05,Serum,45,117655,5294475
2024-06-05,Moisturizer,61,152753,9317933
2024-06-05,Cleanser,99,88885,8799615
2024-06-05,Sunscreen,77,111087,8553699
2024-06-06,Serum,47,117655,5529785
2024-06-06,Moisturizer,62,152753,9470686
2024-06-06,Cleanser,100,88885,8888500
2024-06-06,Sunscreen,75,111087,8331525
2024-06-07,Serum,48,117655,5647440
2024-06-07,Moisturizer,64,152753,9776192
2024-06-07,Cleanser,99,88885,8799615
2024-06-07,Sunscreen,83,111087,9220221
2024-06-08,Serum,54,117655,6353370
2024-06-08,Moisturizer,60,152753,9165180
2024-06-08,Cleanser,104,88885,9244040
2024-06-08,Sunscreen,78,111087,8664786
2024-06-09,Serum,45,117655,5294475
2024-06-09,Moisturizer,61,152753,9317933
2024-06-09,Cleanser,103,88885,9155155
2024-06-09,Sunscreen,77,111087,8553699
2024-06-10,Serum,53,117655,6235715
2024-06-10,Moisturizer,56,152753,8554168
2024-06-10,Cleanser,99,88885,8799615
2024-06-10,Sunscreen,80,111087,8886960
2024-06-11,Serum,54,117655,6353370
2024-06-11,Moisturizer,55,152753,8401415
2024-06-11,Cleanser,95,88885,8444075
2024-06-11,Sunscreen,76,111087,8442612
2024-06-12,Serum,45,117655,5294475
2024-06-12,Moisturizer,58,152753,8859674
2024-06-12,Cleanser,100,88885,8888500
2024-06-12,Sunscreen,80,111087,8886960
2024-06-13,Serum,54,117655,6353370
2024-06-13,Moisturizer,59,152753,9012427
2024-06-13,Cleanser,99,88885,8799615
2024-06-13,Sunscreen,75,111087,8331525
2024-06-14,Serum,53,117655,6235715
2024-06-14,Moisturizer,63,152753,9623439
2024-06-14,Cleanser,102,88885,9066270
2024-06-14,Sunscreen,75,111087,8331525
2024-06-15,Serum,50,117655,5882750
2024-06-15,Moisturizer,63,152753,9623439
2024-06-15,Cleanser,104,88885,9244040
2024-06-15,Sunscreen,84,111087,9331308
2024-06-16,Serum,46,117655,5412130
2024-06-16,Moisturizer,56,152753,8554168
2024-06-16,Cleanser,98,88885,8710730
2024-06-16,Sunscreen,75,111087,8331525
2024-06-17,Serum,46,117655,5412130
2024-06-17,Moisturizer,57,152753,8706921
2024-06-17,Cleanser,95,88885,8444075
2024-06-17,Sunscreen,76,111087,8442612
2024-06-18,Serum,45,117655,5294475
2024-06-18,Moisturizer,61,152753,9317933
2024-06-18,Cleanser,96,88885,8532960
2024-06-18,Sunscreen,75,111087,8331525
2024-06-19,Serum,45,117655,5294475
2024-06-19,Moisturizer,63,152753,9623439
2024-06-19,Cleanser,97,88885,8621845
2024-06-19,Sunscreen,80,111087,8886960
2024-06-20,Serum,53,117655,6235715
2024-06-20,Moisturizer,57,152753,8706921
2024-06-20,Cleanser,104,88885,9244040
2024-06-20,Sunscreen,81,111087,8998047
2024-06-21,Serum,51,117655,6000405
2024-06-21,Moisturizer,55,152753,8401415
2024-06-21,Cleanser,103,88885,9155155
2024-06-21,Sunscreen,80,111087,8886960
2024-06-22,Serum,47,117655,5529785
2024-06-22,Moisturizer,59,152753,9012427
2024-06-22,Cleanser,95,88885,8444075
2024-06-22,Sunscreen,84,111087,9331308
2024-06-23,Serum,52,117655,6118060
2024-06-23,Moisturizer,55,152753,8401415
2024-06-23,Cleanser,96,88885,8532960
2024-06-23,Sunscreen,75,111087,8331525
2024-06-24,Serum,53,117655,6235715
2024-06-24,Moisturizer,56,152753,8554168
2024-06-24,Cleanser,104,88885,9244040
2024-06-24,Sunscreen,83,111087,9220221
2024-06-25,Serum,48,117655,5647440
2024-06-25,Moisturizer,57,152753,8706921
2024-06-25,Cleanser,100,88885,8888500
2024-06-25,Sunscreen,82,111087,9109134
2024-06-26,Serum,46,117655,5412130
2024-06-26,Moisturizer,56,152753,8554168
2024-06-26,Cleanser,95,88885,8444075
2024-06-26,Sunscreen,81,111087,8998047
2024-06-27,Serum,49,117655,5765095
2024-06-27,Moisturizer,57,152753,8706921
2024-06-27,Cleanser,95,88885,8444075
2024-06-27,Sunscreen,81,111087,8998047
2024-06-28,Serum,48,117655,5647440
2024-06-28,Moisturizer,58,152753,8859674
2024-06-28,Cleanser,103,88885,9155155
2024-06-28,Sunscreen,75,111087,8331525
2024-06-29,Serum,45,118598,5336910
2024-06-29,Moisturizer,59,148998,8790882
2024-06-29,Cleanser,98,85903,8418494
2024-06-29,Sunscreen,77,112203,8639631
2024-06-30,Serum,49,118598,5811302
2024-06-30,Moisturizer,58,148998,8641884
2024-06-30,Cleanser,97,85903,8332591
2024-06-30,Sunscreen,79,112203,8864037
2024-07-01,Serum,47,118598,5574106
2024-07-01,Moisturizer,64,148998,9535872
2024-07-01,Cleanser,96,85903,8246688
2024-07-01,Sunscreen,75,112203,8415225
2024-07-02,Serum,45,118598,5336910
2024-07-02,Moisturizer,57,148998,8492886
2024-07-02,Cleanser,103,85903,8848009
2024-07-02,Sunscreen,75,112203,8415225
2024-07-03,Serum,46,118598,5455508
2024-07-03,Moisturizer,55,148998,8194890
2024-07-03,Cleanser,99,85903,8504397
2024-07-03,Sunscreen,83,112203,9312849
2024-07-04,Serum,49,118598,5811302
2024-07-04,Moisturizer,64,148998,9535872
2024-07-04,Cleanser,102,85903,8762106
2024-07-04,Sunscreen,83,112203,9312849
2024-07-05,Serum,47,118598,5574106
2024-07-05,Moisturizer,55,148998,8194890
2024-07-05,Cleanser,95,85903,8160785
2024-07-05,Sunscreen,80,112203,8976240
2024-07-06,Serum,45,118598,5336910
2024-07-06,Moisturizer,60,148998,8939880
2024-07-06,Cleanser,100,85903,8590300
2024-07-06,Sunscreen,81,112203,9088443
2024-07-07,Serum,50,118598,5929900
2024-07-07,Moisturizer,63,148998,9386874
2024-07-07,Cleanser,98,85903,8418494
2024-07-07,Sunscreen,84,112203,9425052
2024-07-08,Serum,47,118598,5574106
2024-07-08,Moisturizer,56,148998,8343888
2024-07-08,Cleanser,97,85903,8332591
2024-07-08,Sunscreen,81,112203,9088443
2024-07-09,Serum,46,118598,5455508
2024-07-09,Moisturizer,55,148998,8194890
2024-07-09,Cleanser,101,85903,8676203
2024-07-09,Sunscreen,76,112203,8527428
2024-07-10,Serum,45,118598,5336910
2024-07-10,Moisturizer,59,148998,8790882
2024-07-10,Cleanser,99,85903,8504397
2024-07-10,Sunscreen,75,112203,8415225
2024-07-11,Serum,54,118598,6404292
2024-07-11,Moisturizer,64,148998,9535872
2024-07-11,Cleanser,104,85903,8933912
2024-07-11,Sunscreen,75,112203,8415225
2024-07-12,Serum,48,118598,5692704
2024-07-12,Moisturizer,64,148998,9535872
2024-07-12,Cleanser,97,85903,8332591
2024-07-12,Sunscreen,77,112203,8639631
2024-07-13,Serum,52,118598,6167096
2024-07-13,Moisturizer,56,148998,8343888
2024-07-13,Cleanser,95,85903,8160785
2024-07-13,Sunscreen,76,112203,8527428
2024-07-14,Serum,51,118598,6048498
2024-07-14,Moisturizer,59,148998,8790882
2024-07-14,Cleanser,95,85903,8160785
2024-07-14,Sunscreen,79,112203,8864037
2024-07-15,Serum,54,118598,6404292
2024-07-15,Moisturizer,59,148998,8790882
2024-07-15,Cleanser,96,85903,8246688
2024-07-15,Sunscreen,77,112203,8639631
2024-07-16,Serum,54,118598,6404292
2024-07-16,Moisturizer,60,148998,8939880
2024-07-16,Cleanser,98,85903,8418494
2024-07-16,Sunscreen,78,112203,8751834
2024-07-17,Serum,54,118598,6404292
2024-07-17,Moisturizer,62,148998,9237876
2024-07-17,Cleanser,99,85903,8504397
2024-07-17,Sunscreen,83,112203,9312849
2024-07-18,Serum,50,118598,5929900
2024-07-18,Moisturizer,64,148998,9535872
2024-07-18,Cleanser,101,85903,8676203
2024-07-18,Sunscreen,82,112203,9200646
2024-07-19,Serum,50,118598,5929900
2024-07-19,Moisturizer,56,148998,8343888
2024-07-19,Cleanser,95,85903,8160785
2024-07-19,Sunscreen,84,112203,9425052
2024-07-20,Serum,48,118598,5692704
2024-07-20,Moisturizer,58,148998,8641884
2024-07-20,Cleanser,100,85903,8590300
2024-07-20,Sunscreen,83,112203,9312849
2024-07-21,Serum,53,118598,6285694
2024-07-21,Moisturizer,62,148998,9237876
2024-07-21,Cleanser,95,85903,8160785
2024-07-21,Sunscreen,75,112203,8415225
2024-07-22,Serum,49,118598,5811302
2024-07-22,Moisturizer,56,148998,8343888
2024-07-22,Cleanser,104,85903,8933912
2024-07-22,Sunscreen,83,112203,9312849
2024-07-23,Serum,47,118598,5574106
2024-07-23,Moisturizer,56,148998,8343888
2024-07-23,Cleanser,96,85903,8246688
2024-07-23,Sunscreen,83,112203,9312849
2024-07-24,Serum,50,118598,5929900
2024-07-24,Moisturizer,63,148998,9386874
2024-07-24,Cleanser,103,85903,8848009
2024-07-24,Sunscreen,80,112203,8976240
2024-07-25,Serum,45,118598,5336910
2024-07-25,Moisturizer,59,148998,8790882
2024-07-25,Cleanser,102,85903,8762106
2024-07-25,Sunscreen,82,112203,9200646
2024-07-26,Serum,47,118598,5574106
2024-07-26,Moisturizer,55,148998,8194890
2024-07-26,Cleanser,103,85903,8848009
2024-07-26,Sunscreen,83,112203,9312849
2024-07-27,Serum,48,118598,5692704
2024-07-27,Moisturizer,55,148998,8194890
2024-07-27,Cleanser,99,85903,8504397
2024-07-27,Sunscreen,77,112203,8639631
2024-07-28,Serum,51,118598,6048498
2024-07-28,Moisturizer,60,148998,8939880
2024-07-28,Cleanser,99,85903,8504397
2024-07-28,Sunscreen,80,112203,8976240
2024-07-29,Serum,48,118598,5692704
2024-07-29,Moisturizer,55,148998,8194890
2024-07-29,Cleanser,102,85903,8762106
2024-07-29,Sunscreen,76,112203,8527428
2024-07-30,Serum,45,118598,5336910
2024-07-30,Moisturizer,58,148998,8641884
2024-07-30,Cleanser,103,85903,8848009
2024-07-30,Sunscreen,81,112203,9088443
2024-07-31,Serum,49,118598,5811302
2024-07-31,Moisturizer,55,148998,8194890
2024-07-31,Cleanser,97,85903,8332591
2024-07-31,Sunscreen,79,112203,8864037
2024-08-01,Serum,52,118598,6167096
2024-08-01,Moisturizer,56,148998,8343888
2024-08-01,Cleanser,95,85903,8160785
2024-08-01,Sunscreen,79,112203,8864037
2024-08-02,Serum,47,118598,5574106
2024-08-02,Moisturizer,62,148998,9237876
2024-08-02,Cleanser,96,85903,8246688
2024-08-02,Sunscreen,75,112203,8415225
2024-08-03,Serum,54,118598,6404292
2024-08-03,Moisturizer,63,148998,9386874
2024-08-03,Cleanser,97,85903,8332591
2024-08-03,Sunscreen,84,112203,9425052
2024-08-04,Serum,45,118598,5336910
2024-08-04,Moisturizer,59,148998,8790882
2024-08-04,Cleanser,102,85903,8762106
2024-08-04,Sunscreen,78,112203,8751834
2024-08-05,Serum,50,118598,5929900
2024-08-05,Moisturizer,58,148998,8641884
2024-08-05,Cleanser,103,85903,8848009
2024-08-05,Sunscreen,79,112203,8864037
2024-08-06,Serum,50,118598,5929900
2024-08-06,Moisturizer,64,148998,9535872
2024-08-06,Cleanser,96,85903,8246688
2024-08-06,Sunscreen,77,112203,8639631
2024-08-07,Serum,50,118598,5929900
2024-08-07,Moisturizer,61,148998,9088878
2024-08-07,Cleanser,102,85903,8762106
2024-08-07,Sunscreen,80,112203,8976240
2024-08-08,Serum,47,118598,5574106
2024-08-08,Moisturizer,62,148998,9237876
2024-08-08,Cleanser,99,85903,8504397
2024-08-08,Sunscreen,82,112203,9200646
2024-08-09,Serum,46,118598,5455508
2024-08-09,Moisturizer,63,148998,9386874
2024-08-09,Cleanser,96,85903,8246688
2024-08-09,Sunscreen,84,112203,9425052
2024-08-10,Serum,53,118598,6285694
2024-08-10,Moisturizer,58,148998,8641884
2024-08-10,Cleanser,95,85903,8160785
2024-08-10,Sunscreen,84,112203,9425052
2024-08-11,Serum,46,118598,5455508
2024-08-11,Moisturizer,60,148998,8939880
2024-08-11,Cleanser,102,85903,8762106
2024-08-11,Sunscreen,81,112203,9088443
2024-08-12,Serum,50,118598,5929900
2024-08-12,Moisturizer,61,148998,9088878
2024-08-12,Cleanser,101,85903,8676203
2024-08-12,Sunscreen,80,112203,8976240
2024-08-13,Serum,49,118598,5811302
2024-08-13,Moisturizer,64,148998,9535872
2024-08-13,Cleanser,99,85903,8504397
2024-08-13,Sunscreen,81,112203,9088443
2024-08-14,Serum,54,118598,6404292
2024-08-14,Moisturizer,56,148998,8343888
2024-08-14,Cleanser,102,85903,8762106
2024-08-14,Sunscreen,81,112203,9088443
2024-08-15,Serum,50,118598,5929900
2024-08-15,Moisturizer,59,148998,8790882
2024-08-15,Cleanser,95,85903,8160785
2024-08-15,Sunscreen,78,112203,8751834
2024-08-16,Serum,53,118598,6285694
2024-08-16,Moisturizer,57,148998,8492886
2024-08-16,Cleanser,95,85903,8160785
2024-08-16,Sunscreen,82,112203,9200646
2024-08-17,Serum,49,118598,5811302
2024-08-17,Moisturizer,59,148998,8790882
2024-08-17,Cleanser,104,85903,8933912
2024-08-17,Sunscreen,83,112203,9312849
2024-08-18,Serum,46,118598,5455508
2024-08-18,Moisturizer,55,148998,8194890
2024-08-18,Cleanser,96,85903,8246688
2024-08-18,Sunscreen,75,112203,8415225
2024-08-19,Serum,46,118598,5455508
2024-08-19,Moisturizer,55,148998,8194890
2024-08-19,Cleanser,100,85903,8590300
2024-08-19,Sunscreen,79,112203,8864037
2024-08-20,Serum,48,118598,5692704
2024-08-20,Moisturizer,63,148998,9386874
2024-08-20,Cleanser,98,85903,8418494
2024-08-20,Sunscreen,80,112203,8976240
2024-08-21,Serum,45,118598,5336910
2024-08-21,Moisturizer,63,148998,9386874
2024-08-21,Cleanser,97,85903,8332591
2024-08-21,Sunscreen,76,112203,8527428
2024-08-22,Serum,47,118598,5574106
2024-08-22,Moisturizer,60,148998,8939880
2024-08-22,Cleanser,98,85903,8418494
2024-08-22,Sunscreen,83,112203,9312849
2024-08-23,Serum,52,118598,6167096
2024-08-23,Moisturizer,57,148998,8492886
2024-08-23,Cleanser,101,85903,8676203
2024-08-23,Sunscreen,82,112203,9200646
2024-08-24,Serum,54,118598,6404292
2024-08-24,Moisturizer,64,148998,9535872
2024-08-24,Cleanser,103,85903,8848009
2024-08-24,Sunscreen,81,112203,9088443
2024-08-25,Serum,51,118598,6048498
2024-08-25,Moisturizer,63,148998,9386874
2024-08-25,Cleanser,96,85903,8246688
2024-08-25,Sunscreen,78,112203,8751834
2024-08-26,Serum,50,118598,5929900
2024-08-26,Moisturizer,60,148998,8939880
2024-08-26,Cleanser,102,85903,8762106
2024-08-26,Sunscreen,77,112203,8639631
2024-08-27,Serum,49,118598,5811302
2024-08-27,Moisturizer,55,148998,8194890
2024-08-27,Cleanser,98,85903,8418494
2024-08-27,Sunscreen,80,112203,8976240
2024-08-28,Serum,50,118598,5929900
2024-08-28,Moisturizer,63,148998,9386874
2024-08-28,Cleanser,97,85903,8332591
2024-08-28,Sunscreen,84,112203,9425052
2024-08-29,Serum,51,118598,6048498
2024-08-29,Moisturizer,55,148998,8194890
2024-08-29,Cleanser,102,85903,8762106
2024-08-29,Sunscreen,80,112203,8976240
2024-08-30,Serum,51,118598,6048498
2024-08-30,Moisturizer,55,148998,8194890
2024-08-30,Cleanser,104,85903,8933912
2024-08-30,Sunscreen,81,112203,9088443
2024-08-31,Serum,50,118598,5929900
2024-08-31,Moisturizer,55,148998,8194890
2024-08-31,Cleanser,100,85903,8590300
2024-08-31,Sunscreen,78,112203,8751834
2024-09-01,Serum,47,118598,5574106
2024-09-01,Moisturizer,55,148998,8194890
2024-09-01,Cleanser,102,85903,8762106
2024-09-01,Sunscreen,75,112203,8415225
2024-09-02,Serum,51,118598,6048498
2024-09-02,Moisturizer,62,148998,9237876
2024-09-02,Cleanser,97,85903,8332591
2024-09-02,Sunscreen,80,112203,8976240
2024-09-03,Serum,53,118598,6285694
2024-09-03,Moisturizer,55,148998,8194890
2024-09-03,Cleanser,96,85903,8246688
2024-09-03,Sunscreen,78,112203,8751834
2024-09-04,Serum,50,118598,5929900
2024-09-04,Moisturizer,56,148998,8343888
2024-09-04,Cleanser,98,85903,8418494
2024-09-04,Sunscreen,82,112203,9200646
2024-09-05,Serum,49,118598,5811302
2024-09-05,Moisturizer,61,148998,9088878
2024-09-05,Cleanser,97,85903,8332591
2024-09-05,Sunscreen,79,112203,8864037
2024-09-06,Serum,53,118598,6285694
2024-09-06,Moisturizer,63,148998,9386874
2024-09-06,Cleanser,100,85903,8590300
2024-09-06,Sunscreen,79,112203,8864037
2024-09-07,Serum,52,118598,6167096
2024-09-07,Moisturizer,58,148998,8641884
2024-09-07,Cleanser,97,85903,8332591
2024-09-07,Sunscreen,80,112203,8976240
2024-09-08,Serum,50,118598,5929900
2024-09-08,Moisturizer,59,148998,8790882
2024-09-08,Cleanser,103,85903,8848009
2024-09-08,Sunscreen,76,112203,8527428
2024-09-09,Serum,48,118598,5692704
2024-09-09,Moisturizer,61,148998,9088878
2024-09-09,Cleanser,95,85903,8160785
2024-09-09,Sunscreen,84,112203,9425052
2024-09-10,Serum,48,118598,5692704
2024-09-10,Moisturizer,58,148998,8641884
2024-09-10,Cleanser,96,85903,8246688
2024-09-10,Sunscreen,83,112203,9312849
2024-09-11,Serum,48,118598,5692704
2024-09-11,Moisturizer,57,148998,8492886
2024-09-11,Cleanser,102,85903,8762106
2024-09-11,Sunscreen,76,112203,8527428
2024-09-12,Serum,49,118598,5811302
2024-09-12,Moisturizer,64,148998,9535872
2024-09-12,Cleanser,98,85903,8418494
2024-09-12,Sunscreen,84,112203,9425052
2024-09-13,Serum,46,118598,5455508
2024-09-13,Moisturizer,59,148998,8790882
2024-09-13,Cleanser,103,85903,8848009
2024-09-13,Sunscreen,83,112203,9312849
2024-09-14,Serum,46,118598,5455508
2024-09-14,Moisturizer,62,148998,9237876
2024-09-14,Cleanser,101,85903,8676203
2024-09-14,Sunscreen,75,112203,8415225
2024-09-15,Serum,54,118598,6404292
2024-09-15,Moisturizer,57,148998,8492886
2024-09-15,Cleanser,97,85903,8332591
2024-09-15,Sunscreen,75,112203,8415225
2024-09-16,Serum,45,118598,5336910
2024-09-16,Moisturizer,57,148998,8492886
2024-09-16,Cleanser,103,85903,8848009
2024-09-16,Sunscreen,80,112203,8976240
2024-09-17,Serum,48,118598,5692704
2024-09-17,Moisturizer,58,148998,8641884
2024-09-17,Cleanser,95,85903,8160785
2024-09-17,Sunscreen,78,112203,8751834
2024-09-18,Serum,46,118598,5455508
2024-09-18,Moisturizer,55,148998,8194890
2024-09-18,Cleanser,101,85903,8676203
2024-09-18,Sunscreen,83,112203,9312849
2024-09-19,Serum,54,118598,6404292
2024-09-19,Moisturizer,64,148998,9535872
2024-09-19,Cleanser,95,85903,8160785
2024-09-19,Sunscreen,83,112203,9312849
2024-09-20,Serum,48,118598,5692704
2024-09-20,Moisturizer,57,148998,8492886
2024-09-20,Cleanser,100,85903,8590300
2024-09-20,Sunscreen,84,112203,9425052
2024-09-21,Serum,48,118598,5692704
2024-09-21,Moisturizer,64,148998,9535872
2024-09-21,Cleanser,95,85903,8160785
2024-09-21,Sunscreen,78,112203,8751834
2024-09-22,Serum,48,118598,5692704
2024-09-22,Moisturizer,61,148998,9088878
2024-09-22,Cleanser,98,85903,8418494
2024-09-22,Sunscreen,76,112203,8527428
2024-09-23,Serum,54,118598,6404292
2024-09-23,Moisturizer,60,148998,8939880
2024-09-23,Cleanser,101,85903,8676203
2024-09-23,Sunscreen,83,112203,9312849
2024-09-24,Serum,53,118598,6285694
2024-09-24,Moisturizer,56,148998,8343888
2024-09-24,Cleanser,104,85903,8933912
2024-09-24,Sunscreen,83,112203,9312849
2024-09-25,Serum,53,118598,6285694
2024-09-25,Moisturizer,56,148998,8343888
2024-09-25,Cleanser,98,85903,8418494
2024-09-25,Sunscreen,80,112203,8976240
2024-09-26,Serum,53,118598,6285694
2024-09-26,Moisturizer,60,148998,8939880
2024-09-26,Cleanser,104,85903,8933912
2024-09-26,Sunscreen,77,112203,8639631
2024-09-27,Serum,49,135829,6655621
2024-09-27,Moisturizer,64,166616,10663424
2024-09-27,Cleanser,103,99482,10246646
2024-09-27,Sunscreen,77,113072,8706544
2024-09-28,Serum,52,135829,7063108
2024-09-28,Moisturizer,57,166616,9497112
2024-09-28,Cleanser,98,99482,9749236
2024-09-28,Sunscreen,80,113072,9045760
2024-09-29,Serum,49,135829,6655621
2024-09-29,Moisturizer,57,166616,9497112
2024-09-29,Cleanser,103,99482,10246646
2024-09-29,Sunscreen,75,113072,8480400
2024-09-30,Serum,51,135829,6927279
2024-09-30,Moisturizer,57,166616,9497112
2024-09-30,Cleanser,104,99482,10346128
2024-09-30,Sunscreen,82,113072,9271904
2024-10-01,Serum,53,135829,7198937
2024-10-01,Moisturizer,60,166616,9996960
2024-10-01,Cleanser,97,99482,9649754
2024-10-01,Sunscreen,79,113072,8932688
2024-10-02,Serum,54,135829,7334766
2024-10-02,Moisturizer,64,166616,10663424
2024-10-02,Cleanser,104,99482,10346128
2024-10-02,Sunscreen,75,113072,8480400
2024-10-03,Serum,52,135829,7063108
2024-10-03,Moisturizer,60,166616,9996960
2024-10-03,Cleanser,104,99482,10346128
2024-10-03,Sunscreen,75,113072,8480400
2024-10-04,Serum,48,135829,6519792
2024-10-04,Moisturizer,61,166616,10163576
2024-10-04,Cleanser,98,99482,9749236
2024-10-04,Sunscreen,84,113072,9498048
2024-10-05,Serum,49,135829,6655621
2024-10-05,Moisturizer,64,166616,10663424
2024-10-05,Cleanser,95,99482,9450790
2024-10-05,Sunscreen,84,113072,9498048
2024-10-06,Serum,50,135829,6791450
2024-10-06,Moisturizer,60,166616,9996960
2024-10-06,Cleanser,99,99482,9848718
2024-10-06,Sunscreen,79,113072,8932688
2024-10-07,Serum,50,135829,6791450
2024-10-07,Moisturizer,59,166616,9830344
2024-10-07,Cleanser,97,99482,9649754
2024-10-07,Sunscreen,77,113072,8706544
2024-10-08,Serum,54,135829,7334766
2024-10-08,Moisturizer,62,166616,10330192
2024-10-08,Cleanser,102,99482,10147164
2024-10-08,Sunscreen,79,113072,8932688
2024-10-09,Serum,53,135829,7198937
2024-10-09,Moisturizer,61,166616,10163576
2024-10-09,Cleanser,103,99482,10246646
2024-10-09,Sunscreen,78,113072,8819616
2024-10-10,Serum,45,135829,6112305
2024-10-10,Moisturizer,63,166616,10496808
2024-10-10,Cleanser,102,99482,10147164
2024-10-10,Sunscreen,83,113072,9384976
2024-10-11,Serum,54,135829,7334766
2024-10-11,Moisturizer,64,166616,10663424
2024-10-11,Cleanser,104,99482,10346128
2024-10-11,Sunscreen,78,113072,8819616
2024-10-12,Serum,49,135829,6655621
2024-10-12,Moisturizer,59,166616,9830344
2024-10-12,Cleanser,97,99482,9649754
2024-10-12,Sunscreen,82,113072,9271904
2024-10-13,Serum,51,135829,6927279
2024-10-13,Moisturizer,64,166616,10663424
2024-10-13,Cleanser,99,99482,9848718
2024-10-13,Sunscreen,75,113072,8480400
2024-10-14,Serum,47,135829,6383963
2024-10-14,Moisturizer,57,166616,9497112
2024-10-14,Cleanser,96,99482,9550272
2024-10-14,Sunscreen,84,113072,9498048
2024-10-15,Serum,54,135829,7334766
2024-10-15,Moisturizer,61,166616,10163576
2024-10-15,Cleanser,104,99482,10346128
2024-10-15,Sunscreen,78,113072,8819616
2024-10-16,Serum,104,135829,14126216
2024-10-16,Moisturizer,112,166616,18660992
2024-10-16,Cleanser,190,99482,18901580
2024-10-16,Sunscreen,137,113072,15490864
2024-10-17,Serum,154,135829,20917666
2024-10-17,Moisturizer,217,166616,36155672
2024-10-17,Cleanser,317,99482,31535794
2024-10-17,Sunscreen,273,113072,30868656
2024-10-18,Serum,2126,135829,288772454
2024-10-18,Moisturizer,2854,166616,475522064
2024-10-18,Cleanser,4181,99482,415934242
2024-10-18,Sunscreen,3492,113072,394847424
2024-10-19,Serum,1938,135829,263236602
2024-10-19,Moisturizer,2588,166616,431202208
2024-10-19,Cleanser,3819,99482,379921758
2024-10-19,Sunscreen,3144,113072,355498368
2024-10-20,Serum,1783,135829,242183107
2024-10-20,Moisturizer,2386,166616,397545776
2024-10-20,Cleanser,3476,99482,345799432
2024-10-20,Sunscreen,2861,113072,323498992
2024-10-21,Serum,1643,135829,223167047
2024-10-21,Moisturizer,2134,166616,355558544
2024-10-21,Cleanser,3141,99482,312472962
2024-10-21,Sunscreen,2616,113072,295796352
2024-10-22,Serum,3257,135829,442395053
2024-10-22,Moisturizer,4333,166616,721947128
2024-10-22,Cleanser,6385,99482,635192570
2024-10-22,Sunscreen,5263,113072,595097936
2024-10-23,Serum,2999,135829,407351171
2024-10-23,Moisturizer,4001,166616,666630616
2024-10-23,Cleanser,5847,99482,581671254
2024-10-23,Sunscreen,4824,113072,545459328
2024-10-24,Serum,3330,135829,452310570
2024-10-24,Moisturizer,4404,166616,733776864
2024-10-24,Cleanser,6457,99482,642355274
2024-10-24,Sunscreen,5326,113072,602221472
2024-10-25,Serum,3039,135829,412784331
2024-10-25,Moisturizer,4067,166616,677627272
2024-10-25,Cleanser,5920,99482,588933440
2024-10-25,Sunscreen,4884,113072,552243648
2024-10-26,Serum,2788,135829,378691252
2024-10-26,Moisturizer,3672,166616,611813952
2024-10-26,Cleanser,5321,99482,529343722
2024-10-26,Sunscreen,4443,113072,502378896
2024-10-27,Serum,2474,135829,336040946
2024-10-27,Moisturizer,3293,166616,548666488
2024-10-27,Cleanser,4753,99482,472837946
2024-10-27,Sunscreen,3975,113072,449461200
2024-10-28,Serum,2248,135829,305343592
2024-10-28,Moisturizer,3018,166616,502847088
2024-10-28,Cleanser,4364,99482,434139448
2024-10-28,Sunscreen,3597,113072,406719984
2024-10-29,Serum,2223,135829,301947867
2024-10-29,Moisturizer,2933,166616,488684728
2024-10-29,Cleanser,4243,99482,422102126
2024-10-29,Sunscreen,3514,113072,397335008
2024-10-30,Serum,2001,135829,271793829
2024-10-30,Moisturizer,2680,166616,446530880
2024-10-30,Cleanser,3844,99482,382408808
2024-10-30,Sunscreen,3174,113072,358890528
2024-10-31,Serum,2660,135829,361305140
2024-10-31,Moisturizer,3598,166616,599484368
2024-10-31,Cleanser,5145,99482,511834890
2024-10-31,Sunscreen,4237,113072,479086064
2024-11-01,Serum,2531,135829,343783199
2024-11-01,Moisturizer,3382,166616,563495312
2024-11-01,Cleanser,4781,99482,475623442
2024-11-01,Sunscreen,3958,113072,447538976
2024-11-02,Serum,2281,135829,309825949
2024-11-02,Moisturizer,3085,166616,514010360
2024-11-02,Cleanser,4411,99482,438815102
2024-11-02,Sunscreen,3629,113072,410338288
2024-11-03,Serum,2131,135829,289451599
2024-11-03,Moisturizer,2817,166616,469357272
2024-11-03,Cleanser,4057,99482,403598474
2024-11-03,Sunscreen,3356,113072,379469632
2024-11-04,Serum,2181,135829,296243049
2024-11-04,Moisturizer,2920,166616,486518720
2024-11-04,Cleanser,4119,99482,409766358
2024-11-04,Sunscreen,3416,113072,386253952
2024-11-05,Serum,2073,135829,281573517
2024-11-05,Moisturizer,2754,166616,458860464
2024-11-05,Cleanser,3905,99482,388477210
2024-11-05,Sunscreen,3214,113072,363413408
2024-11-06,Serum,1979,135829,268805591
2024-11-06,Moisturizer,2605,166616,434034680
2024-11-06,Cleanser,3698,99482,367884436
2024-11-06,Sunscreen,3042,113072,343965024
2024-11-07,Serum,1846,135829,250740334
2024-11-07,Moisturizer,2504,166616,417206464
2024-11-07,Cleanser,3468,99482,345003576
2024-11-07,Sunscreen,2846,113072,321802912
2024-11-08,Serum,1824,135829,247752096
2024-11-08,Moisturizer,2472,166616,411874752
2024-11-08,Cleanser,3435,99482,341720670
2024-11-08,Sunscreen,2797,113072,316262384
2024-11-09,Serum,1857,135829,252234453
2024-11-09,Moisturizer,2450,166616,408209200
2024-11-09,Cleanser,3429,99482,341123778
2024-11-09,Sunscreen,2803,113072,316940816
2024-11-10,Serum,1692,135829,229822668
2024-11-10,Moisturizer,2270,166616,378218320
2024-11-10,Cleanser,3144,99482,312771408
2024-11-10,Sunscreen,2608,113072,294891776
2024-11-11,Serum,1672,135829,227106088
2024-11-11,Moisturizer,2271,166616,378384936
2024-11-11,Cleanser,3121,99482,310483322
2024-11-11,Sunscreen,2560,113072,289464320
2024-11-12,Serum,1636,135829,222216244
2024-11-12,Moisturizer,2149,166616,358057784
2024-11-12,Cleanser,3000,99482,298446000
2024-11-12,Sunscreen,2402,113072,271598944
2024-11-13,Serum,1538,135829,208905002
2024-11-13,Moisturizer,2045,166616,340729720
2024-11-13,Cleanser,2817,99482,280240794
2024-11-13,Sunscreen,2313,113072,261535536
2024-11-14,Serum,1513,135829,205509277
2024-11-14,Moisturizer,2014,166616,335564624
2024-11-14,Cleanser,2755,99482,274072910
2024-11-14,Sunscreen,2235,113072,252715920
2024-11-15,Serum,1419,135829,192741351
2024-11-15,Moisturizer,1880,166616,313238080
2024-11-15,Cleanser,2579,99482,256564078
2024-11-15,Sunscreen,2102,113072,237677344
2024-11-16,Serum,1421,135829,193013009
2024-11-16,Moisturizer,1874,166616,312238384
2024-11-16,Cleanser,2568,99482,255469776
2024-11-16,Sunscreen,2093,113072,236659696
2024-11-17,Serum,2966,135829,402868814
2024-11-17,Moisturizer,3958,166616,659466128
2024-11-17,Cleanser,5694,99482,566450508
2024-11-17,Sunscreen,4688,113072,530081536
2024-11-18,Serum,2849,135829,386976821
2024-11-18,Moisturizer,3794,166616,632141104
2024-11-18,Cleanser,5427,99482,539888814
2024-11-18,Sunscreen,4468,113072,505205696
2024-11-19,Serum,2667,135829,362255943
2024-11-19,Moisturizer,3574,166616,595485584
2024-11-19,Cleanser,5129,99482,510243178
2024-11-19,Sunscreen,4210,113072,476033120
2024-11-20,Serum,2636,135829,358045244
2024-11-20,Moisturizer,3519,166616,586321704
2024-11-20,Cleanser,5016,99482,499001712
2024-11-20,Sunscreen,4108,113072,464499776
2024-11-21,Serum,2277,135829,309282633
2024-11-21,Moisturizer,3027,166616,504346632
2024-11-21,Cleanser,4302,99482,427971564
2024-11-21,Sunscreen,3549,113072,401292528
2024-11-22,Serum,2073,135829,281573517
2024-11-22,Moisturizer,2731,166616,455028296
2024-11-22,Cleanser,3875,99482,385492750
2024-11-22,Sunscreen,3198,113072,361604256
2024-11-23,Serum,1851,135829,251419479
2024-11-23,Moisturizer,2449,166616,408042584
2024-11-23,Cleanser,3522,99482,350375604
2024-11-23,Sunscreen,2907,113072,328700304
2024-11-24,Serum,7082,135829,961940978
2024-11-24,Moisturizer,9403,166616,1566690248
2024-11-24,Cleanser,13761,99482,1368971802
2024-11-24,Sunscreen,11409,113072,1290038448
2024-11-25,Serum,6318,135829,858167622
2024-11-25,Moisturizer,8394,166616,1398574704
2024-11-25,Cleanser,12189,99482,1212586098
2024-11-25,Sunscreen,10123,113072,1144627856
2024-11-26,Serum,5668,135829,769878772
2024-11-26,Moisturizer,7529,166616,1254451864
2024-11-26,Cleanser,10955,99482,1089825310
2024-11-26,Sunscreen,9054,113072,1023753888
2024-11-27,Serum,5100,135829,692727900
2024-11-27,Moisturizer,6798,166616,1132655568
2024-11-27,Cleanser,9810,99482,975918420
2024-11-27,Sunscreen,8068,113072,912264896
2024-11-28,Serum,4681,135829,635815549
2024-11-28,Moisturizer,6263,166616,1043516008
2024-11-28,Cleanser,8990,99482,894343180
2024-11-28,Sunscreen,7433,113072,840464176
2024-11-29,Serum,4247,135829,576865763
2024-11-29,Moisturizer,5703,166616,950211048
2024-11-29,Cleanser,8173,99482,813066386
2024-11-29,Sunscreen,6711,113072,758826192
2024-11-30,Serum,4532,135829,615577028
2024-11-30,Moisturizer,6023,166616,1003528168
2024-11-30,Cleanser,8695,99482,864995990
2024-11-30,Sunscreen,7180,113072,811856960
2024-12-01,Serum,4166,135829,565863614
2024-12-01,Moisturizer,5537,166616,922552792
2024-12-01,Cleanser,7979,99482,793766878
2024-12-01,Sunscreen,6531,113072,738473232
2024-12-02,Serum,3853,135829,523349137
2024-12-02,Moisturizer,5160,166616,859738560
2024-12-02,Cleanser,7358,99482,731988556
2024-12-02,Sunscreen,6063,113072,685555536
2024-12-03,Serum,4380,135829,594931020
2024-12-03,Moisturizer,5840,166616,973037440
2024-12-03,Cleanser,8369,99482,832564858
2024-12-03,Sunscreen,6922,113072,782684384
2024-12-04,Serum,3945,135829,535845405
2024-12-04,Moisturizer,5262,166616,876733392
2024-12-04,Cleanser,7521,99482,748204122
2024-12-04,Sunscreen,6174,113072,698106528
2024-12-05,Serum,3634,135829,493602586
2024-12-05,Moisturizer,4850,166616,808087600
2024-12-05,Cleanser,6849,99482,681352218
2024-12-05,Sunscreen,5626,113072,636143072
2024-12-06,Serum,3401,135829,461954429
2024-12-06,Moisturizer,4529,166616,754603864
2024-12-06,Cleanser,6424,99482,639072368
2024-12-06,Sunscreen,5260,113072,594758720
2024-12-07,Serum,3207,135829,435603603
2024-12-07,Moisturizer,4250,166616,708118000
2024-12-07,Cleanser,5993,99482,596195626
2024-12-07,Sunscreen,4946,113072,559254112
2024-12-08,Serum,8198,135829,1113526142
2024-12-08,Moisturizer,10972,166616,1828110752
2024-12-08,Cleanser,15899,99482,1581664318
2024-12-08,Sunscreen,13124,113072,1483956928
2024-12-09,Serum,7540,135829,1024150660
2024-12-09,Moisturizer,10004,166616,1666826464
2024-12-09,Cleanser,14436,99482,1436122152
2024-12-09,Sunscreen,11929,113072,1348835888
2024-12-10,Serum,6811,135829,925131319
2024-12-10,Moisturizer,9101,166616,1516372216
2024-12-10,Cleanser,13075,99482,1300727150
2024-12-10,Sunscreen,10819,113072,1223325968
2024-12-11,Serum,6335,135829,860476715
2024-12-11,Moisturizer,8428,166616,1404239648
2024-12-11,Cleanser,12059,99482,1199653438
2024-12-11,Sunscreen,9933,113072,1123144176
2024-12-12,Serum,5738,135829,779386802
2024-12-12,Moisturizer,7620,166616,1269613920
2024-12-12,Cleanser,10845,99482,1078882290
2024-12-12,Sunscreen,8930,113072,1009732960
2024-12-13,Serum,5304,135829,720437016
2024-12-13,Moisturizer,7045,166616,1173809720
2024-12-13,Cleanser,10003,99482,995118446
2024-12-13,Sunscreen,8203,113072,927529616
2024-12-14,Serum,4868,135829,661215572
2024-12-14,Moisturizer,6516,166616,1085669856
2024-12-14,Cleanser,9168,99482,912050976
2024-12-14,Sunscreen,7531,113072,851545232
2024-12-15,Serum,6026,135829,818505554
2024-12-15,Moisturizer,8001,166616,1333094616
2024-12-15,Cleanser,11367,99482,1130811894
2024-12-15,Sunscreen,9383,113072,1060954576
2024-12-16,Serum,6839,135829,928934531
2024-12-16,Moisturizer,9105,166616,1517038680
2024-12-16,Cleanser,12925,99482,1285804850
2024-12-16,Sunscreen,10673,113072,1206817456
2024-12-17,Serum,6013,135829,816739777
2024-12-17,Moisturizer,8016,166616,1335593856
2024-12-17,Cleanser,11385,99482,1132602570
2024-12-17,Sunscreen,9432,113072,1066495104
2024-12-18,Serum,5554,135829,754394266
2024-12-18,Moisturizer,7414,166616,1235291024
2024-12-18,Cleanser,10488,99482,1043367216
2024-12-18,Sunscreen,8653,113072,978412016
2024-12-19,Serum,5101,135829,692863729
2024-12-19,Moisturizer,6782,166616,1129989712
2024-12-19,Cleanser,9590,99482,954032380
2024-12-19,Sunscreen,7856,113072,888293632
2024-12-20,Serum,4808,135829,653065832
2024-12-20,Moisturizer,6390,166616,1064676240
2024-12-20,Cleanser,8992,99482,894542144
2024-12-20,Sunscreen,7406,113072,837411232
2024-12-21,Serum,4568,135829,620466872
2024-12-21,Moisturizer,6102,166616,1016690832
2024-12-21,Cleanser,8564,99482,851963848
2024-12-21,Sunscreen,7019,113072,793652368
2024-12-22,Serum,4356,135829,591671124
2024-12-22,Moisturizer,5789,166616,964540024
2024-12-22,Cleanser,8005,99482,796353410
2024-12-22,Sunscreen,6581,113072,744126832
2024-12-23,Serum,6170,135829,838064930
2024-12-23,Moisturizer,8196,166616,1365584736
2024-12-23,Cleanser,11583,99482,1152300006
2024-12-23,Sunscreen,9549,113072,1079724528
2024-12-24,Serum,5196,135829,705767484
2024-12-24,Moisturizer,6918,166616,1152649488
2024-12-24,Cleanser,9885,99482,983379570
2024-12-24,Sunscreen,8131,113072,919388432
2024-12-25,Serum,4718,135829,640841222
2024-12-25,Moisturizer,6309,166616,1051180344
2024-12-25,Cleanser,8958,99482,891159756
2024-12-25,Sunscreen,7352,113072,831305344
2024-12-26,Serum,5136,119033,611353488
2024-12-26,Moisturizer,6796,154175,1047773300
2024-12-26,Cleanser,9689,86888,841857832
2024-12-26,Sunscreen,7982,95577,762895614
2024-12-27,Serum,4701,119033,559574133
2024-12-27,Moisturizer,6266,154175,966060550
2024-12-27,Cleanser,8901,86888,773390088
2024-12-27,Sunscreen,7287,95577,696469599
2024-12-28,Serum,4527,119033,538862391
2024-12-28,Moisturizer,5988,154175,923199900
2024-12-28,Cleanser,8433,86888,732726504
2024-12-28,Sunscreen,6938,95577,663113226
2024-12-29,Serum,4193,119033,499105369
2024-12-29,Moisturizer,5519,154175,850891825
2024-12-29,Cleanser,7744,86888,672860672
2024-12-29,Sunscreen,6361,95577,607965297
2024-12-30,Serum,4965,119033,590998845
2024-12-30,Moisturizer,6588,154175,1015704900
2024-12-30,Cleanser,9364,86888,813619232
2024-12-30,Sunscreen,7731,95577,738905787
2024-12-31,Serum,4619,119033,549813427
2024-12-31,Moisturizer,6144,154175,947251200
2024-12-31,Cleanser,8657,86888,752189416
2024-12-31,Sunscreen,7137,95577,682133049
2025-01-01,Serum,4243,119033,505057019
2025-01-01,Moisturizer,5695,154175,878026625
2025-01-01,Cleanser,7977,86888,693105576
2025-01-01,Sunscreen,6530,95577,624117810
2025-01-02,Serum,3861,119033,459586413
2025-01-02,Moisturizer,5157,154175,795080475
2025-01-02,Cleanser,7207,86888,626201816
2025-01-02,Sunscreen,5888,95577,562757376
2025-01-03,Serum,3726,119033,443516958
2025-01-03,Moisturizer,4953,154175,763628775
2025-01-03,Cleanser,6937,86888,602742056
2025-01-03,Sunscreen,5692,95577,544024284
2025-01-04,Serum,3583,119033,426495239
2025-01-04,Moisturizer,4791,154175,738652425
2025-01-04,Cleanser,6645,86888,577370760
2025-01-04,Sunscreen,5447,95577,520607919
2025-01-05,Serum,3423,119033,407449959
2025-01-05,Moisturizer,4536,154175,699337800
2025-01-05,Cleanser,6284,86888,546004192
2025-01-05,Sunscreen,5122,95577,489545394
2025-01-06,Serum,3215,119033,382691095
2025-01-06,Moisturizer,4275,154175,659098125
2025-01-06,Cleanser,5873,86888,510293224
2025-01-06,Sunscreen,4807,95577,459438639
2025-01-07,Serum,2502,119033,297820566
2025-01-07,Moisturizer,3314,154175,510935950
2025-01-07,Cleanser,4631,86888,402378328
2025-01-07,Sunscreen,3844,95577,367397988
2025-01-08,Serum,2490,119033,296392170
2025-01-08,Moisturizer,3325,154175,512631875
2025-01-08,Cleanser,4667,86888,405506296
2025-01-08,Sunscreen,3868,95577,369691836
2025-01-09,Serum,2483,119033,295558939
2025-01-09,Moisturizer,3336,154175,514327800
2025-01-09,Cleanser,4640,86888,403160320
2025-01-09,Sunscreen,3805,95577,363670485
2025-01-10,Serum,2376,119033,282822408
2025-01-10,Moisturizer,3160,154175,487193000
2025-01-10,Cleanser,4424,86888,384392512
2025-01-10,Sunscreen,3603,95577,344363931
2025-01-11,Serum,2293,119033,272942669
2025-01-11,Moisturizer,3033,154175,467612775
2025-01-11,Cleanser,4213,86888,366059144
2025-01-11,Sunscreen,3436,95577,328402572
2025-01-12,Serum,2306,119033,274490098
2025-01-12,Moisturizer,3080,154175,474859000
2025-01-12,Cleanser,4249,86888,369187112
2025-01-12,Sunscreen,3488,95577,333372576
2025-01-13,Serum,3931,119033,467918723
2025-01-13,Moisturizer,5238,154175,807568650
2025-01-13,Cleanser,7435,86888,646012280
2025-01-13,Sunscreen,6169,95577,589614513
2025-01-14,Serum,3453,119033,411020949
2025-01-14,Moisturizer,4629,154175,713676075
2025-01-14,Cleanser,6578,86888,571549264
2025-01-14,Sunscreen,5385,95577,514682145
2025-01-15,Serum,3103,119033,369359399
2025-01-15,Moisturizer,4191,154175,646147425
2025-01-15,Cleanser,5946,86888,516636048
2025-01-15,Sunscreen,4876,95577,466033452
2025-01-16,Serum,2900,119033,345195700
2025-01-16,Moisturizer,3845,154175,592802875
2025-01-16,Cleanser,5478,86888,475972464
2025-01-16,Sunscreen,4492,95577,429331884
2025-01-17,Serum,2687,119033,319841671
2025-01-17,Moisturizer,3597,154175,554567475
2025-01-17,Cleanser,5116,86888,444519008
2025-01-17,Sunscreen,4189,95577,400372053
2025-01-18,Serum,2560,119033,304724480
2025-01-18,Moisturizer,3392,154175,522961600
2025-01-18,Cleanser,4789,86888,416106632
2025-01-18,Sunscreen,3956,95577,378102612
2025-01-19,Serum,2497,119033,297225401
2025-01-19,Moisturizer,3317,154175,511398475
2025-01-19,Cleanser,4678,86888,406462064
2025-01-19,Sunscreen,3838,95577,366824526
2025-01-20,Serum,2387,119033,284131771
2025-01-20,Moisturizer,3140,154175,484109500
2025-01-20,Cleanser,4406,86888,382828528
2025-01-20,Sunscreen,3601,95577,344172777
2025-01-21,Serum,2248,119033,267586184
2025-01-21,Moisturizer,3013,154175,464529275
2025-01-21,Cleanser,4210,86888,365798480
2025-01-21,Sunscreen,3450,95577,329740650
2025-01-22,Serum,1925,119033,229138525
2025-01-22,Moisturizer,2612,154175,402705100
2025-01-22,Cleanser,3634,86888,315750992
2025-01-22,Sunscreen,3021,95577,288738117
2025-01-23,Serum,1910,119033,227353030
2025-01-23,Moisturizer,2558,154175,394379650
2025-01-23,Cleanser,3570,86888,310190160
2025-01-23,Sunscreen,2965,95577,283385805
2025-01-24,Serum,1903,119033,226519799
2025-01-24,Moisturizer,2551,154175,393300425
2025-01-24,Cleanser,3590,86888,311927920
2025-01-24,Sunscreen,2933,95577,280327341
2025-01-25,Serum,1810,119033,215449730
2025-01-25,Moisturizer,2432,154175,374953600
2025-01-25,Cleanser,3435,86888,298460280
2025-01-25,Sunscreen,2791,95577,266755407
2025-01-26,Serum,1720,119033,204736760
2025-01-26,Moisturizer,2267,154175,349514725
2025-01-26,Cleanser,3192,86888,277346496
2025-01-26,Sunscreen,2609,95577,249360393
2025-01-27,Serum,1552,119033,184739216
2025-01-27,Moisturizer,2067,154175,318679725
2025-01-27,Cleanser,2876,86888,249889888
2025-01-27,Sunscreen,2363,95577,225848451
2025-01-28,Serum,1598,119033,190214734
2025-01-28,Moisturizer,2138,154175,329626150
2025-01-28,Cleanser,2964,86888,257536032
2025-01-28,Sunscreen,2443,95577,233494611
2025-01-29,Serum,1414,119033,168312662
2025-01-29,Moisturizer,1858,154175,286457150
2025-01-29,Cleanser,2616,86888,227299008
2025-01-29,Sunscreen,2131,95577,203674587
2025-01-30,Serum,1288,119033,153314504
2025-01-30,Moisturizer,1719,154175,265026825
2025-01-30,Cleanser,2417,86888,210008296
2025-01-30,Sunscreen,1933,95577,184750341
2025-01-31,Serum,1164,119033,138554412
2025-01-31,Moisturizer,1591,154175,245292425
2025-01-31,Cleanser,2192,86888,190458496
2025-01-31,Sunscreen,1788,95577,170891676
2025-02-01,Serum,1167,119033,138911511
2025-02-01,Moisturizer,1566,154175,241438050
2025-02-01,Cleanser,2178,86888,189242064
2025-02-01,Sunscreen,1832,95577,175097064
2025-02-02,Serum,1168,119033,139030544
2025-02-02,Moisturizer,1551,154175,239125425
2025-02-02,Cleanser,2177,86888,189155176
2025-02-02,Sunscreen,1790,95577,171082830
2025-02-03,Serum,1280,119033,152362240
2025-02-03,Moisturizer,1697,154175,261634975
2025-02-03,Cleanser,2351,86888,204273688
2025-02-03,Sunscreen,1931,95577,184559187
2025-02-04,Serum,3447,119033,410306751
2025-02-04,Moisturizer,4566,154175,703963050
2025-02-04,Cleanser,6619,86888,575111672
2025-02-04,Sunscreen,5476,95577,523379652
2025-02-05,Serum,3098,119033,368764234
2025-02-05,Moisturizer,4081,154175,629188175
2025-02-05,Cleanser,5932,86888,515419616
2025-02-05,Sunscreen,4885,95577,466893645
2025-02-06,Serum,3401,119033,404831233
2025-02-06,Moisturizer,4526,154175,697796050
2025-02-06,Cleanser,6535,86888,567813080
2025-02-06,Sunscreen,5397,95577,515829069
2025-02-07,Serum,3168,119033,377096544
2025-02-07,Moisturizer,4212,154175,649385100
2025-02-07,Cleanser,6033,86888,524195304
2025-02-07,Sunscreen,4976,95577,475591152
2025-02-08,Serum,2897,119033,344838601
2025-02-08,Moisturizer,3850,154175,593573750
2025-02-08,Cleanser,5501,86888,477970888
2025-02-08,Sunscreen,4547,95577,434588619
2025-02-09,Serum,2654,119033,315913582
2025-02-09,Moisturizer,3520,154175,542696000
2025-02-09,Cleanser,5068,86888,440348384
2025-02-09,Sunscreen,4161,95577,397695897
2025-02-10,Serum,4109,119033,489106597
2025-02-10,Moisturizer,5407,154175,833624225
2025-02-10,Cleanser,7827,86888,680072376
2025-02-10,Sunscreen,6473,95577,618669921
2025-02-11,Serum,3827,119033,455539291
2025-02-11,Moisturizer,5079,154175,783054825
2025-02-11,Cleanser,7304,86888,634629952
2025-02-11,Sunscreen,6009,95577,574322193
2025-02-12,Serum,3333,119033,396736989
2025-02-12,Moisturizer,4465,154175,688391375
2025-02-12,Cleanser,6423,86888,558081624
2025-02-12,Sunscreen,5315,95577,507991755
2025-02-13,Serum,3056,119033,363764848
2025-02-13,Moisturizer,4044,154175,623483700
2025-02-13,Cleanser,5865,86888,509598120
2025-02-13,Sunscreen,4839,95577,462497103
2025-02-14,Serum,2905,119033,345790865
2025-02-14,Moisturizer,3884,154175,598815700
2025-02-14,Cleanser,5563,86888,483357944
2025-02-14,Sunscreen,4606,95577,440227662
2025-02-15,Serum,2740,119033,326150420
2025-02-15,Moisturizer,3625,154175,558884375
2025-02-15,Cleanser,5204,86888,452165152
2025-02-15,Sunscreen,4261,95577,407253597
2025-02-16,Serum,2643,119033,314604219
2025-02-16,Moisturizer,3494,154175,538687450
2025-02-16,Cleanser,4999,86888,434353112
2025-02-16,Sunscreen,4117,95577,393490509
2025-02-17,Serum,2577,119033,306748041
2025-02-17,Moisturizer,3438,154175,530053650
2025-02-17,Cleanser,4939,86888,429139832
2025-02-17,Sunscreen,4061,95577,388138197
2025-02-18,Serum,2439,119033,290321487
2025-02-18,Moisturizer,3229,154175,497831075
2025-02-18,Cleanser,4582,86888,398120816
2025-02-18,Sunscreen,3743,95577,357744711
2025-02-19,Serum,2306,119033,274490098
2025-02-19,Moisturizer,3073,154175,473779775
2025-02-19,Cleanser,4383,86888,380830104
2025-02-19,Sunscreen,3591,95577,343217007
2025-02-20,Serum,2181,119033,259610973
2025-02-20,Moisturizer,2880,154175,444024000
2025-02-20,Cleanser,4040,86888,351027520
2025-02-20,Sunscreen,3330,95577,318271410
2025-02-21,Serum,3838,119033,456848654
2025-02-21,Moisturizer,5093,154175,785213275
2025-02-21,Cleanser,7334,86888,637236592
2025-02-21,Sunscreen,6054,95577,578623158
2025-02-22,Serum,4923,119033,585999459
2025-02-22,Moisturizer,6494,154175,1001212450
2025-02-22,Cleanser,9436,86888,819875168
2025-02-22,Sunscreen,7768,95577,742442136
2025-02-23,Serum,4905,119033,583856865
2025-02-23,Moisturizer,6579,154175,1014317325
2025-02-23,Cleanser,9469,86888,822742472
2025-02-23,Sunscreen,7832,95577,748559064
2025-02-24,Serum,4938,119033,587784954
2025-02-24,Moisturizer,6592,154175,1016321600
2025-02-24,Cleanser,9453,86888,821352264
2025-02-24,Sunscreen,7797,95577,745213869
2025-02-25,Serum,4545,119033,541004985
2025-02-25,Moisturizer,6066,154175,935225550
2025-02-25,Cleanser,8659,86888,752363192
2025-02-25,Sunscreen,7144,95577,682802088
2025-02-26,Serum,4143,119033,493153719
2025-02-26,Moisturizer,5492,154175,846729100
2025-02-26,Cleanser,7887,86888,685285656
2025-02-26,Sunscreen,6470,95577,618383190
2025-02-27,Serum,3748,119033,446135684
2025-02-27,Moisturizer,5003,154175,771337525
2025-02-27,Cleanser,7082,86888,615340816
2025-02-27,Sunscreen,5862,95577,560272374
2025-02-28,Serum,3480,119033,414234840
2025-02-28,Moisturizer,4681,154175,721693175
2025-02-28,Cleanser,6607,86888,574069016
2025-02-28,Sunscreen,5401,95577,516211377
2025-03-01,Serum,3289,119033,391499537
2025-03-01,Moisturizer,4323,154175,666498525
2025-03-01,Cleanser,6075,86888,527844600
2025-03-01,Sunscreen,4981,95577,476069037
2025-03-02,Serum,3108,119033,369954564
2025-03-02,Moisturizer,4140,154175,638284500
2025-03-02,Cleanser,5812,86888,504993056
2025-03-02,Sunscreen,4766,95577,455519982
2025-03-03,Serum,2868,119033,341386644
2025-03-03,Moisturizer,3799,154175,585710825
2025-03-03,Cleanser,5279,86888,458681752
2025-03-03,Sunscreen,4349,95577,415664373
2025-03-04,Serum,2750,119033,327340750
2025-03-04,Moisturizer,3713,154175,572451775
2025-03-04,Cleanser,5146,86888,447125648
2025-03-04,Sunscreen,4231,95577,404386287
2025-03-05,Serum,2639,119033,314128087
2025-03-05,Moisturizer,3472,154175,535295600
2025-03-05,Cleanser,4848,86888,421233024
2025-03-05,Sunscreen,3949,95577,377433573
2025-03-06,Serum,2249,119033,267705217
2025-03-06,Moisturizer,2952,154175,455124600
2025-03-06,Cleanser,4110,86888,357109680
2025-03-06,Sunscreen,3389,95577,323910453
2025-03-07,Serum,2120,119033,252349960
2025-03-07,Moisturizer,2817,154175,434310975
2025-03-07,Cleanser,3921,86888,340687848
2025-03-07,Sunscreen,3215,95577,307280055
2025-03-08,Serum,1980,119033,235685340
2025-03-08,Moisturizer,2578,154175,397463150
2025-03-08,Cleanser,3616,86888,314187008
2025-03-08,Sunscreen,2968,95577,283672536
2025-03-09,Serum,3619,119033,430780427
2025-03-09,Moisturizer,4835,154175,745436125
2025-03-09,Cleanser,6864,86888,596399232
2025-03-09,Sunscreen,5654,95577,540392358
2025-03-10,Serum,14666,119033,1745737978
2025-03-10,Moisturizer,19538,154175,3012271150
2025-03-10,Cleanser,28523,86888,2478306424
2025-03-10,Sunscreen,23648,95577,2260204896
2025-03-11,Serum,13239,119033,1575877887
2025-03-11,Moisturizer,17649,154175,2721034575
2025-03-11,Cleanser,25697,86888,2232760936
2025-03-11,Sunscreen,21306,95577,2036363562
2025-03-12,Serum,11710,119033,1393876430
2025-03-12,Moisturizer,15678,154175,2417155650
2025-03-12,Cleanser,22782,86888,1979482416
2025-03-12,Sunscreen,18833,95577,1800001641
2025-03-13,Serum,10603,119033,1262106899
2025-03-13,Moisturizer,14132,154175,2178801100
2025-03-13,Cleanser,20472,86888,1778771136
2025-03-13,Sunscreen,16887,95577,1614008799
2025-03-14,Serum,9621,119033,1145216493
2025-03-14,Moisturizer,12783,154175,1970819025
2025-03-14,Cleanser,18477,86888,1605429576
2025-03-14,Sunscreen,15274,95577,1459843098
2025-03-15,Serum,8604,119033,1024159932
2025-03-15,Moisturizer,11492,154175,1771779100
2025-03-15,Cleanser,16495,86888,1433217560
2025-03-15,Sunscreen,13594,95577,1299273738
2025-03-16,Serum,7825,119033,931433225
2025-03-16,Moisturizer,10392,154175,1602186600
2025-03-16,Cleanser,14873,86888,1292285224
2025-03-16,Sunscreen,12274,95577,1173112098
2025-03-17,Serum,7088,119033,843705904
2025-03-17,Moisturizer,9438,154175,1455103650
2025-03-17,Cleanser,13450,86888,1168643600
2025-03-17,Sunscreen,11057,95577,1056794889
2025-03-18,Serum,6574,119033,782522942
2025-03-18,Moisturizer,8771,154175,1352268925
2025-03-18,Cleanser,12471,86888,1083580248
2025-03-18,Sunscreen,10243,95577,978995211
2025-03-19,Serum,6041,119033,719078353
2025-03-19,Moisturizer,8028,154175,1237716900
2025-03-19,Cleanser,11323,86888,983832824
2025-03-19,Sunscreen,9315,95577,890299755
2025-03-20,Serum,5538,119033,659204754
2025-03-20,Moisturizer,7390,154175,1139353250
2025-03-20,Cleanser,10383,86888,902158104
2025-03-20,Sunscreen,8518,95577,814124886
2025-03-21,Serum,5248,119033,624685184
2025-03-21,Moisturizer,6952,154175,1071824600
2025-03-21,Cleanser,9733,86888,845680904
2025-03-21,Sunscreen,7982,95577,762895614
2025-03-22,Serum,4887,119033,581714271
2025-03-22,Moisturizer,6498,154175,1001829150
2025-03-22,Cleanser,9056,86888,786857728
2025-03-22,Sunscreen,7400,95577,707269800
2025-03-23,Serum,4413,119033,525292629
2025-03-23,Moisturizer,5886,154175,907474050
2025-03-23,Cleanser,8138,86888,707094544
2025-03-23,Sunscreen,6727,95577,642946479
2025-03-24,Serum,4119,119033,490296927
2025-03-24,Moisturizer,5461,154175,841949675
2025-03-24,Cleanser,7641,86888,663911208
2025-03-24,Sunscreen,6261,95577,598407597
2025-03-25,Serum,3784,119033,450420872
2025-03-25,Moisturizer,5055,154175,779354625
2025-03-25,Cleanser,6992,86888,607520896
2025-03-25,Sunscreen,5720,95577,546700440
2025-03-26,Serum,3664,111753,409462992
2025-03-26,Moisturizer,4869,141937,691091253
2025-03-26,Cleanser,6764,93094,629687816
2025-03-26,Sunscreen,5493,103208,566921544
2025-03-27,Serum,3452,111753,385771356
2025-03-27,Moisturizer,4595,141937,652200515
2025-03-27,Cleanser,6337,93094,589936678
2025-03-27,Sunscreen,5159,103208,532450072
2025-03-28,Serum,3258,111753,364091274
2025-03-28,Moisturizer,4375,141937,620974375
2025-03-28,Cleanser,5997,93094,558284718
2025-03-28,Sunscreen,4916,103208,507370528
2025-03-29,Serum,3318,111753,370796454
2025-03-29,Moisturizer,4460,141937,633039020
2025-03-29,Cleanser,6125,93094,570200750
2025-03-29,Sunscreen,4967,103208,512634136
2025-03-30,Serum,3176,111753,354927528
2025-03-30,Moisturizer,4248,141937,602948376
2025-03-30,Cleanser,5806,93094,540503764
2025-03-30,Sunscreen,4746,103208,489825168
2025-03-31,Serum,3030,111753,338611590
2025-03-31,Moisturizer,4069,141937,577541653
2025-03-31,Cleanser,5477,93094,509875838
2025-03-31,Sunscreen,4451,103208,459378808
2025-04-01,Serum,2891,111753,323077923
2025-04-01,Moisturizer,3792,141937,538225104
2025-04-01,Cleanser,5166,93094,480923604
2025-04-01,Sunscreen,4254,103208,439046832
2025-04-02,Serum,2799,111753,312796647
2025-04-02,Moisturizer,3709,141937,526444333
2025-04-02,Cleanser,5015,93094,466866410
2025-04-02,Sunscreen,4079,103208,420985432
2025-04-03,Serum,2729,111753,304973937
2025-04-03,Moisturizer,3639,141937,516508743
2025-04-03,Cleanser,4857,93094,452157558
2025-04-03,Sunscreen,3986,103208,411387088
2025-04-04,Serum,2780,111753,310673340
2025-04-04,Moisturizer,3706,141937,526018522
2025-04-04,Cleanser,4959,93094,461653146
2025-04-04,Sunscreen,4058,103208,418818064
2025-04-05,Serum,2788,111753,311567364
2025-04-05,Moisturizer,3721,141937,528147577
2025-04-05,Cleanser,4982,93094,463794308
2025-04-05,Sunscreen,4046,103208,417579568
2025-04-06,Serum,2770,111753,309555810
2025-04-06,Moisturizer,3666,141937,520341042
2025-04-06,Cleanser,4916,93094,457650104
2025-04-06,Sunscreen,3996,103208,412419168
2025-04-07,Serum,2673,111753,298715769
2025-04-07,Moisturizer,3534,141937,501605358
2025-04-07,Cleanser,4734,93094,440706996
2025-04-07,Sunscreen,3844,103208,396731552
2025-04-08,Serum,2485,111753,277706205
2025-04-08,Moisturizer,3324,141937,471798588
2025-04-08,Cleanser,4504,93094,419295376
2025-04-08,Sunscreen,3647,103208,376399576
2025-04-09,Serum,1177,111753,131533281
2025-04-09,Moisturizer,1556,141937,220853972
2025-04-09,Cleanser,2223,93094,206947962
2025-04-09,Sunscreen,1849,103208,190831592
2025-04-10,Serum,1048,111753,117117144
2025-04-10,Moisturizer,1402,141937,198995674
2025-04-10,Cleanser,1988,93094,185070872
2025-04-10,Sunscreen,1680,103208,173389440
2025-04-11,Serum,1117,111753,124828101
2025-04-11,Moisturizer,1443,141937,204815091
2025-04-11,Cleanser,2078,93094,193449332
2025-04-11,Sunscreen,1727,103208,178240216
2025-04-12,Serum,1072,111753,119799216
2025-04-12,Moisturizer,1417,141937,201124729
2025-04-12,Cleanser,2062,93094,191959828
2025-04-12,Sunscreen,1688,103208,174215104
2025-04-13,Serum,1134,111753,126727902
2025-04-13,Moisturizer,1490,141937,211486130
2025-04-13,Cleanser,2136,93094,198848784
2025-04-13,Sunscreen,1784,103208,184123072
2025-04-14,Serum,1102,111753,123151806
2025-04-14,Moisturizer,1441,141937,204531217
2025-04-14,Cleanser,2094,93094,194938836
2025-04-14,Sunscreen,1696,103208,175040768
2025-04-15,Serum,1047,111753,117005391
2025-04-15,Moisturizer,1410,141937,200131170
2025-04-15,Cleanser,2020,93094,188049880
2025-04-15,Sunscreen,1675,103208,172873400
2025-04-16,Serum,993,111753,110970729
2025-04-16,Moisturizer,1354,141937,192182698
2025-04-16,Cleanser,1934,93094,180043796
2025-04-16,Sunscreen,1566,103208,161623728
2025-04-17,Serum,980,111753,109517940
2025-04-17,Moisturizer,1260,141937,178840620
2025-04-17,Cleanser,1838,93094,171106772
2025-04-17,Sunscreen,1514,103208,156256912
2025-04-18,Serum,889,111753,99348417
2025-04-18,Moisturizer,1161,141937,164788857
2025-04-18,Cleanser,1608,93094,149695152
2025-04-18,Sunscreen,1347,103208,139021176
2025-04-19,Serum,907,111753,101359971
2025-04-19,Moisturizer,1201,141937,170466337
2025-04-19,Cleanser,1733,93094,161331902
2025-04-19,Sunscreen,1416,103208,146142528
2025-04-20,Serum,902,111753,100801206
2025-04-20,Moisturizer,1196,141937,169756652
2025-04-20,Cleanser,1717,93094,159842398
2025-04-20,Sunscreen,1436,103208,148206688
2025-04-21,Serum,1668,111753,186404004
2025-04-21,Moisturizer,2223,141937,315525951
2025-04-21,Cleanser,3220,93094,299762680
2025-04-21,Sunscreen,2669,103208,275462152
2025-04-22,Serum,1604,111753,179251812
2025-04-22,Moisturizer,2077,141937,294803149
2025-04-22,Cleanser,3079,93094,286636426
2025-04-22,Sunscreen,2550,103208,263180400
2025-04-23,Serum,2570,111753,287205210
2025-04-23,Moisturizer,3426,141937,486276162
2025-04-23,Cleanser,4999,93094,465376906
2025-04-23,Sunscreen,4129,103208,426145832
2025-04-24,Serum,3879,111753,433489887
2025-04-24,Moisturizer,5132,141937,728420684
2025-04-24,Cleanser,7512,93094,699322128
2025-04-24,Sunscreen,6256,103208,645669248
2025-04-25,Serum,5292,111753,591396876
2025-04-25,Moisturizer,7087,141937,1005907519
2025-04-25,Cleanser,10332,93094,961847208
2025-04-25,Sunscreen,8527,103208,880054616
2025-04-26,Serum,4746,111753,530379738
2025-04-26,Moisturizer,6307,141937,895196659
2025-04-26,Cleanser,9183,93094,854882202
2025-04-26,Sunscreen,7611,103208,785516088
2025-04-27,Serum,4298,111753,480314394
2025-04-27,Moisturizer,5725,141937,812589325
2025-04-27,Cleanser,8314,93094,773983516
2025-04-27,Sunscreen,6869,103208,708935752
2025-04-28,Serum,3843,111753,429466779
2025-04-28,Moisturizer,5138,141937,729272306
2025-04-28,Cleanser,7494,93094,697646436
2025-04-28,Sunscreen,6170,103208,636793360
2025-04-29,Serum,3556,111753,397393668
2025-04-29,Moisturizer,4708,141937,668239396
2025-04-29,Cleanser,6768,93094,630060192
2025-04-29,Sunscreen,5592,103208,577139136
2025-04-30,Serum,3283,111753,366885099
2025-04-30,Moisturizer,4346,141937,616858202
2025-04-30,Cleanser,6288,93094,585375072
2025-04-30,Sunscreen,5208,103208,537507264
2025-05-01,Serum,3100,111753,346434300
2025-05-01,Moisturizer,4145,141937,588328865
2025-05-01,Cleanser,5946,93094,553536924
2025-05-01,Sunscreen,4880,103208,503655040
2025-05-02,Serum,3020,111753,337494060
2025-05-02,Moisturizer,4013,141937,569593181
2025-05-02,Cleanser,5750,93094,535290500
2025-05-02,Sunscreen,4731,103208,488277048
2025-05-03,Serum,2804,111753,313355412
2025-05-03,Moisturizer,3771,141937,535244427
2025-05-03,Cleanser,5331,93094,496284114
2025-05-03,Sunscreen,4404,103208,454528032
2025-05-04,Serum,2617,111753,292457601
2025-05-04,Moisturizer,3510,141937,498198870
2025-05-04,Cleanser,4982,93094,463794308
2025-05-04,Sunscreen,4097,103208,422843176
2025-05-05,Serum,2441,111753,272789073
2025-05-05,Moisturizer,3239,141937,459733943
2025-05-05,Cleanser,4572,93094,425625768
2025-05-05,Sunscreen,3803,103208,392500024
2025-05-06,Serum,4084,111753,456399252
2025-05-06,Moisturizer,5463,141937,775401831
2025-05-06,Cleanser,7857,93094,731439558
2025-05-06,Sunscreen,6465,103208,667239720
2025-05-07,Serum,3758,111753,419967774
2025-05-07,Moisturizer,4995,141937,708975315
2025-05-07,Cleanser,7161,93094,666646134
2025-05-07,Sunscreen,5878,103208,606656624
2025-05-08,Serum,3428,111753,383089284
2025-05-08,Moisturizer,4583,141937,650497271
2025-05-08,Cleanser,6553,93094,610044982
2025-05-08,Sunscreen,5398,103208,557116784
2025-05-09,Serum,3319,111753,370908207
2025-05-09,Moisturizer,4399,141937,624380863
2025-05-09,Cleanser,6306,93094,587050764
2025-05-09,Sunscreen,5216,103208,538332928
2025-05-10,Serum,3065,111753,342522945
2025-05-10,Moisturizer,4079,141937,578961023
2025-05-10,Cleanser,5771,93094,537245474
2025-05-10,Sunscreen,4746,103208,489825168
2025-05-11,Serum,2871,111753,320842863
2025-05-11,Moisturizer,3809,141937,540638033
2025-05-11,Cleanser,5359,93094,498890746
2025-05-11,Sunscreen,4396,103208,453702368
2025-05-12,Serum,2629,111753,293798637
2025-05-12,Moisturizer,3508,141937,497914996
2025-05-12,Cleanser,4913,93094,457370822
2025-05-12,Sunscreen,4042,103208,417166736
2025-05-13,Serum,4124,111753,460869372
2025-05-13,Moisturizer,5496,141937,780085752
2025-05-13,Cleanser,7850,93094,730787900
2025-05-13,Sunscreen,6456,103208,666310848
2025-05-14,Serum,3711,111753,414715383
2025-05-14,Moisturizer,4962,141937,704291394
2025-05-14,Cleanser,7059,93094,657150546
2025-05-14,Sunscreen,5784,103208,596955072
2025-05-15,Serum,3448,111753,385324344
2025-05-15,Moisturizer,4565,141937,647942405
2025-05-15,Cleanser,6459,93094,601294146
2025-05-15,Sunscreen,5328,103208,549892224
2025-05-16,Serum,4845,111753,541443285
2025-05-16,Moisturizer,6475,141937,919042075
2025-05-16,Cleanser,9245,93094,860654030
2025-05-16,Sunscreen,7622,103208,786651376
2025-05-17,Serum,4381,111753,489589893
2025-05-17,Moisturizer,5875,141937,833879875
2025-05-17,Cleanser,8319,93094,774448986
2025-05-17,Sunscreen,6867,103208,708729336
2025-05-18,Serum,5762,111753,643920786
2025-05-18,Moisturizer,7732,141937,1097456884
2025-05-18,Cleanser,11069,93094,1030457486
2025-05-18,Sunscreen,9122,103208,941463376
2025-05-19,Serum,5304,111753,592737912
2025-05-19,Moisturizer,7076,141937,1004346212
2025-05-19,Cleanser,10123,93094,942390562
2025-05-19,Sunscreen,8289,103208,855491112
2025-05-20,Serum,4886,111753,546025158
2025-05-20,Moisturizer,6479,141937,919609823
2025-05-20,Cleanser,9223,93094,858605962
2025-05-20,Sunscreen,7591,103208,783451928
2025-05-21,Serum,4413,111753,493165989
2025-05-21,Moisturizer,5886,141937,835441182
2025-05-21,Cleanser,8326,93094,775100644
2025-05-21,Sunscreen,6882,103208,710277456
2025-05-22,Serum,4047,111753,452264391
2025-05-22,Moisturizer,5433,141937,771143721
2025-05-22,Cleanser,7648,93094,711982912
2025-05-22,Sunscreen,6274,103208,647526992
2025-05-23,Serum,4246,111753,474503238
2025-05-23,Moisturizer,5628,141937,798821436
2025-05-23,Cleanser,8012,93094,745869128
2025-05-23,Sunscreen,6572,103208,678282976
2025-05-24,Serum,3766,111753,420861798
2025-05-24,Moisturizer,4992,141937,708549504
2025-05-24,Cleanser,7092,93094,660222648
2025-05-24,Sunscreen,5847,103208,603457176
2025-05-25,Serum,3229,111753,360850437
2025-05-25,Moisturizer,4313,141937,612174281
2025-05-25,Cleanser,6107,93094,568525058
2025-05-25,Sunscreen,5056,103208,521819648
2025-05-26,Serum,3033,111753,338946849
2025-05-26,Moisturizer,4044,141937,573993228
2025-05-26,Cleanser,5662,93094,527098228
2025-05-26,Sunscreen,4667,103208,481671736
2025-05-27,Serum,2881,111753,321960393
2025-05-27,Moisturizer,3893,141937,552560741
2025-05-27,Cleanser,5472,93094,509410368
2025-05-27,Sunscreen,4480,103208,462371840
2025-05-28,Serum,4689,111753,524009817
2025-05-28,Moisturizer,6218,141937,882564266
2025-05-28,Cleanser,8907,93094,829188258
2025-05-28,Sunscreen,7361,103208,759714088
2025-05-29,Serum,4335,111753,484449255
2025-05-29,Moisturizer,5810,141937,824653970
2025-05-29,Cleanser,8256,93094,768584064
2025-05-29,Sunscreen,6802,103208,702020816
2025-05-30,Serum,5924,111753,662024772
2025-05-30,Moisturizer,7922,141937,1124424914
2025-05-30,Cleanser,11367,93094,1058199498
2025-05-30,Sunscreen,9373,103208,967368584
2025-05-31,Serum,5361,111753,599107833
2025-05-31,Moisturizer,7153,141937,1015275361
2025-05-31,Cleanser,10227,93094,952072338
2025-05-31,Sunscreen,8434,103208,870456272
2025-06-01,Serum,4894,111753,546919182
2025-06-01,Moisturizer,6463,141937,917338831
2025-06-01,Cleanser,9231,93094,859350714
2025-06-01,Sunscreen,7606,103208,785000048
2025-06-02,Serum,5593,111753,625034529
2025-06-02,Moisturizer,7469,141937,1060127453
2025-06-02,Cleanser,10683,93094,994523202
2025-06-02,Sunscreen,8794,103208,907611152
2025-06-03,Serum,5126,111753,572845878
2025-06-03,Moisturizer,6872,141937,975391064
2025-06-03,Cleanser,9757,93094,908318158
2025-06-03,Sunscreen,8067,103208,832578936
2025-06-04,Serum,5961,111753,666159633
2025-06-04,Moisturizer,7989,141937,1133934693
2025-06-04,Cleanser,11441,93094,1065088454
2025-06-04,Sunscreen,9405,103208,970671240
2025-06-05,Serum,5286,111753,590726358
2025-06-05,Moisturizer,7051,141937,1000797787
2025-06-05,Cleanser,10062,93094,936711828
2025-06-05,Sunscreen,8299,103208,856523192
2025-06-06,Serum,4829,111753,539655237
2025-06-06,Moisturizer,6429,141937,912512973
2025-06-06,Cleanser,9176,93094,854230544
2025-06-06,Sunscreen,7550,103208,779220400
2025-06-07,Serum,4395,111753,491154435
2025-06-07,Moisturizer,5861,141937,831892757
2025-06-07,Cleanser,8272,93094,770073568
2025-06-07,Sunscreen,6797,103208,701504776
2025-06-08,Serum,4050,111753,452599650
2025-06-08,Moisturizer,5406,141937,767311422
2025-06-08,Cleanser,7601,93094,707607494
2025-06-08,Sunscreen,6252,103208,645256416
2025-06-09,Serum,5690,111753,635874570
2025-06-09,Moisturizer,7622,141937,1081843814
2025-06-09,Cleanser,10779,93094,1003460226
2025-06-09,Sunscreen,8915,103208,920099320
2025-06-10,Serum,6799,111753,759808647
2025-06-10,Moisturizer,9027,141937,1281265299
2025-06-10,Cleanser,12928,93094,1203519232
2025-06-10,Sunscreen,10657,103208,1099887656
2025-06-11,Serum,6321,111753,706390713
2025-06-11,Moisturizer,8402,141937,1192554674
2025-06-11,Cleanser,12029,93094,1119827726
2025-06-11,Sunscreen,9900,103208,1021759200
2025-06-12,Serum,5689,111753,635762817
2025-06-12,Moisturizer,7587,141937,1076876019
2025-06-12,Cleanser,10848,93094,1009883712
2025-06-12,Sunscreen,8954,103208,924124432
2025-06-13,Serum,5285,111753,590614605
2025-06-13,Moisturizer,7029,141937,997675173
2025-06-13,Cleanser,9963,93094,927495522
2025-06-13,Sunscreen,8224,103208,848782592
2025-06-14,Serum,4912,111753,548930736
2025-06-14,Moisturizer,6503,141937,923016311
2025-06-14,Cleanser,9150,93094,851810100
2025-06-14,Sunscreen,7564,103208,780665312
2025-06-15,Serum,4342,111753,485231526
2025-06-15,Moisturizer,5739,141937,814576443
2025-06-15,Cleanser,8134,93094,757226596
2025-06-15,Sunscreen,6692,103208,690667936
2025-06-16,Serum,4003,111753,447347259
2025-06-16,Moisturizer,5321,141937,755246777
2025-06-16,Cleanser,7501,93094,698298094
2025-06-16,Sunscreen,6141,103208,633800328
2025-06-17,Serum,3537,111753,395270361
2025-06-17,Moisturizer,4708,141937,668239396
2025-06-17,Cleanser,6677,93094,621588638
2025-06-17,Sunscreen,5477,103208,565270216
2025-06-18,Serum,3392,111753,379066176
2025-06-18,Moisturizer,4508,141937,639851996
2025-06-18,Cleanser,6312,93094,587609328
2025-06-18,Sunscreen,5170,103208,533585360
2025-06-19,Serum,3180,111753,355374540
2025-06-19,Moisturizer,4211,141937,597696707
2025-06-19,Cleanser,5901,93094,549347694
2025-06-19,Sunscreen,4842,103208,499733136
2025-06-20,Serum,3028,111753,338388084
2025-06-20,Moisturizer,4018,141937,570302866
2025-06-20,Cleanser,5589,93094,520302366
2025-06-20,Sunscreen,4587,103208,473415096
2025-06-21,Serum,2829,111753,316149237
2025-06-21,Moisturizer,3751,141937,532405687
2025-06-21,Cleanser,5166,93094,480923604
2025-06-21,Sunscreen,4210,103208,434505680
2025-06-22,Serum,2731,111753,305197443
2025-06-22,Moisturizer,3645,141937,517360365
2025-06-22,Cleanser,5003,93094,465749282
2025-06-22,Sunscreen,4116,103208,424804128
2025-06-23,Serum,2572,111753,287428716
2025-06-23,Moisturizer,3436,141937,487695532
2025-06-23,Cleanser,4759,93094,443034346
2025-06-23,Sunscreen,3882,103208,400653456
2025-06-24,Serum,2553,121691,310677123
2025-06-24,Moisturizer,3372,150934,508949448
2025-06-24,Cleanser,4609,88544,408099296
2025-06-24,Sunscreen,3771,115266,434668086
2025-06-25,Serum,2392,121691,291084872
2025-06-25,Moisturizer,3196,150934,482385064
2025-06-25,Cleanser,4399,88544,389505056
2025-06-25,Sunscreen,3589,115266,413689674
2025-06-26,Serum,15744,121691,1915903104
2025-06-26,Moisturizer,20952,150934,3162369168
2025-06-26,Cleanser,30533,88544,2703513952
2025-06-26,Sunscreen,25271,115266,2912887086
2025-06-27,Serum,13867,121691,1687489097
2025-06-27,Moisturizer,18450,150934,2784732300
2025-06-27,Cleanser,26816,88544,2374395904
2025-06-27,Sunscreen,22213,115266,2560403658
2025-06-28,Serum,12405,121691,1509576855
2025-06-28,Moisturizer,16569,150934,2500825446
2025-06-28,Cleanser,23955,88544,2121071520
2025-06-28,Sunscreen,19803,115266,2282612598
2025-06-29,Serum,10957,121691,1333368287
2025-06-29,Moisturizer,14646,150934,2210579364
2025-06-29,Cleanser,21178,88544,1875184832
2025-06-29,Sunscreen,17498,115266,2016924468
2025-06-30,Serum,9932,121691,1208635012
2025-06-30,Moisturizer,13223,150934,1995800282
2025-06-30,Cleanser,19034,88544,1685346496
2025-06-30,Sunscreen,15747,115266,1815093702
2025-07-01,Serum,8924,121691,1085970484
2025-07-01,Moisturizer,11867,150934,1791133778
2025-07-01,Cleanser,17019,88544,1506930336
2025-07-01,Sunscreen,14072,115266,1622023152
2025-07-02,Serum,8009,121691,974623219
2025-07-02,Moisturizer,10667,150934,1610012978
2025-07-02,Cleanser,15241,88544,1349499104
2025-07-02,Sunscreen,12592,115266,1451429472
2025-07-03,Serum,7264,121691,883963424
2025-07-03,Moisturizer,9693,150934,1463003262
2025-07-03,Cleanser,13822,88544,1223855168
2025-07-03,Sunscreen,11362,115266,1309652292
2025-07-04,Serum,6568,121691,799266488
2025-07-04,Moisturizer,8766,150934,1323087444
2025-07-04,Cleanser,12491,88544,1106003104
2025-07-04,Sunscreen,10279,115266,1184819214
2025-07-05,Serum,6071,121691,738786061
2025-07-05,Moisturizer,8083,150934,1219999522
2025-07-05,Cleanser,11446,88544,1013474624
2025-07-05,Sunscreen,9398,115266,1083269868
2025-07-06,Serum,5552,121691,675628432
2025-07-06,Moisturizer,7380,150934,1113892920
2025-07-06,Cleanser,10377,88544,918821088
2025-07-06,Sunscreen,8528,115266,982988448
2025-07-07,Serum,5298,121691,644718918
2025-07-07,Moisturizer,7064,150934,1066197776
2025-07-07,Cleanser,9898,88544,876408512
2025-07-07,Sunscreen,8067,115266,929850822
2025-07-08,Serum,4992,121691,607481472
2025-07-08,Moisturizer,6660,150934,1005220440
2025-07-08,Cleanser,9316,88544,824875904
2025-07-08,Sunscreen,7605,115266,876597930
2025-07-09,Serum,4556,121691,554424196
2025-07-09,Moisturizer,6087,150934,918735258
2025-07-09,Cleanser,8440,88544,747311360
2025-07-09,Sunscreen,6944,115266,800407104
2025-07-10,Serum,4149,121691,504895959
2025-07-10,Moisturizer,5534,150934,835268756
2025-07-10,Cleanser,7717,88544,683294048
2025-07-10,Sunscreen,6327,115266,729287982
2025-07-11,Serum,3868,121691,470700788
2025-07-11,Moisturizer,5109,150934,771121806
2025-07-11,Cleanser,7086,88544,627422784
2025-07-11,Sunscreen,5797,115266,668197002
2025-07-12,Serum,3572,121691,434680252
2025-07-12,Moisturizer,4794,150934,723577596
2025-07-12,Cleanser,6627,88544,586781088
2025-07-12,Sunscreen,5395,115266,621860070
2025-07-13,Serum,3442,121691,418860422
2025-07-13,Moisturizer,4574,150934,690372116
2025-07-13,Cleanser,6302,88544,558004288
2025-07-13,Sunscreen,5122,115266,590392452
2025-07-14,Serum,3293,121691,400728463
2025-07-14,Moisturizer,4401,150934,664260534
2025-07-14,Cleanser,6059,88544,536488096
2025-07-14,Sunscreen,4903,115266,565149198
2025-07-15,Serum,3271,121691,398051261
2025-07-15,Moisturizer,4398,150934,663807732
2025-07-15,Cleanser,6009,88544,532060896
2025-07-15,Sunscreen,4912,115266,566186592
2025-07-16,Serum,3201,121691,389532891
2025-07-16,Moisturizer,4235,150934,639205490
2025-07-16,Cleanser,5756,88544,509659264
2025-07-16,Sunscreen,4749,115266,547398234
2025-07-17,Serum,3060,121691,372374460
2025-07-17,Moisturizer,4078,150934,615508852
2025-07-17,Cleanser,5576,88544,493721344
2025-07-17,Sunscreen,4526,115266,521693916
2025-07-18,Serum,2972,121691,361665652
2025-07-18,Moisturizer,3965,150934,598453310
2025-07-18,Cleanser,5374,88544,475835456
2025-07-18,Sunscreen,4359,115266,502444494
2025-07-19,Serum,3442,121691,418860422
2025-07-19,Moisturizer,4521,150934,682372614
2025-07-19,Cleanser,6242,88544,552691648
2025-07-19,Sunscreen,5075,115266,584974950
2025-07-20,Serum,4731,121691,575720121
2025-07-20,Moisturizer,6276,150934,947261784
2025-07-20,Cleanser,8749,88544,774671456
2025-07-20,Sunscreen,7196,115266,829454136
2025-07-21,Serum,5695,121691,693030245
2025-07-21,Moisturizer,7578,150934,1143777852
2025-07-21,Cleanser,10637,88544,941842528
2025-07-21,Sunscreen,8748,115266,1008346968
2025-07-22,Serum,5239,121691,637539149
2025-07-22,Moisturizer,6978,150934,1053217452
2025-07-22,Cleanser,9782,88544,866137408
2025-07-22,Sunscreen,7991,115266,921090606
2025-07-23,Serum,4890,121691,595068990
2025-07-23,Moisturizer,6503,150934,981523802
2025-07-23,Cleanser,9052,88544,801500288
2025-07-23,Sunscreen,7421,115266,855388986
2025-07-24,Serum,4603,121691,560143673
2025-07-24,Moisturizer,6082,150934,917980588
2025-07-24,Cleanser,8497,88544,752358368
2025-07-24,Sunscreen,6955,115266,801675030
2025-07-25,Serum,4368,121691,531546288
2025-07-25,Moisturizer,5795,150934,874662530
2025-07-25,Cleanser,8009,88544,709148896
2025-07-25,Sunscreen,6579,115266,758335014
2025-07-26,Serum,2701,121691,328687391
2025-07-26,Moisturizer,3589,150934,541702126
2025-07-26,Cleanser,5152,88544,456178688
2025-07-26,Sunscreen,4269,115266,492070554
2025-07-27,Serum,2411,121691,293397001
2025-07-27,Moisturizer,3210,150934,484498140
2025-07-27,Cleanser,4624,88544,409427456
2025-07-27,Sunscreen,3801,115266,438126066
2025-07-28,Serum,2257,121691,274656587
2025-07-28,Moisturizer,2970,150934,448273980
2025-07-28,Cleanser,4268,88544,377905792
2025-07-28,Sunscreen,3532,115266,407119512
2025-07-29,Serum,2032,121691,247276112
2025-07-29,Moisturizer,2661,150934,401635374
2025-07-29,Cleanser,3833,88544,339389152
2025-07-29,Sunscreen,3163,115266,364586358
2025-07-30,Serum,1908,121691,232186428
2025-07-30,Moisturizer,2503,150934,377787802
2025-07-30,Cleanser,3573,88544,316367712
2025-07-30,Sunscreen,2963,115266,341533158
